old_url,new_url,action
https://itdks.tech/,https://itdks.tech/,retained
https://itdks.tech/en,https://itdks.tech/en,retained
https://itdks.tech/de,https://itdks.tech/de,retained
https://itdks.tech/services,https://itdks.tech/services,retained
https://itdks.tech/services-en,https://itdks.tech/services-en,retained
https://itdks.tech/services-de,https://itdks.tech/services-de,retained
https://itdks.tech/ai-agents,https://itdks.tech/ai-agents,retained
https://itdks.tech/ai-agents-en,https://itdks.tech/ai-agents-en,retained
https://itdks.tech/ai-agents-de,https://itdks.tech/ai-agents-de,retained
https://itdks.tech/projects,https://itdks.tech/projects,retained
https://itdks.tech/projects-en,https://itdks.tech/projects-en,retained
https://itdks.tech/projects-de,https://itdks.tech/projects-de,retained
https://itdks.tech/creative,https://itdks.tech/creative,retained
https://itdks.tech/creative-en,https://itdks.tech/creative-en,retained
https://itdks.tech/creative-de,https://itdks.tech/creative-de,retained
https://itdks.tech/about,https://itdks.tech/about,retained
https://itdks.tech/about-en,https://itdks.tech/about-en,retained
https://itdks.tech/about-de,https://itdks.tech/about-de,retained
https://itdks.tech/contact,https://itdks.tech/contact,retained
https://itdks.tech/contact-en,https://itdks.tech/contact-en,retained
https://itdks.tech/contact-de,https://itdks.tech/contact-de,retained
https://itdks.tech/privacy,https://itdks.tech/privacy,retained
https://itdks.tech/privacy-en,https://itdks.tech/privacy-en,retained
https://itdks.tech/privacy-de,https://itdks.tech/privacy-de,retained
https://itdks.tech/terms,https://itdks.tech/terms,retained
https://itdks.tech/terms-en,https://itdks.tech/terms-en,retained
https://itdks.tech/terms-de,https://itdks.tech/terms-de,retained
https://itdks.tech/index-en.html,https://itdks.tech/en,existing_301_retained
https://itdks.tech/creative.html,https://itdks.tech/creative,existing_301_retained
https://itdks.tech/index,https://itdks.tech/,existing_301_retained
https://itdks.tech/index-en,https://itdks.tech/en,existing_301_retained
https://itdks.tech/index-de,https://itdks.tech/de,existing_301_retained
https://itdks.tech/teams/,,retain_404_no_equivalent_provided
https://itdks.tech/?optech_footer=footer,https://itdks.tech/,prepared_301_remove_legacy_parameter
