Language,ID,Where,Before,After / suggestion,Reviewer's reason,Severity,Decision
SQ,R014,hours,"E hënë–E premte, 09:00–18:00","E hënë–e premte, 09:00–18:00",Days of the week are lowercase in Albanian; only the first word of the line is capitalised.,error,Applied
SQ,R025,form.required,Plotëso të gjitha fushat përpara dërgimit.,Plotëso të gjitha fushat e detyrueshme përpara dërgimit.,"'required' was dropped, so the message tells people to fill ALL fields, including the ones marked optional.",error,Applied
SQ,R028,form.privacyNote,Duke dërguar formularin pajtohesh me {link}.,"Duke dërguar formularin, pajtohesh me {link}.",A sentence-initial 'duke' (gerund) phrase is set off with a comma.,error,Applied
SQ,R070,packages.note,Çmimet janë pikënisje. Oferta finale konfirmohet pasi shohim gjendjen tuaj.,Çmimet janë pikënisje. Oferta finale konfirmohet pasi të shohim gjendjen e sistemeve të tua.,'tuaj' (formal ju) breaks the informal 'ti' used across the Home page; future 'after' needs the subjunctive 'pasi të shohim' (plain 'pasi shohim' can read as 'since we see'); 'gjendjen e sistemeve të tua' renders 'your setup'.,error,Applied
SQ,R074,packages.plans.2.features.3,Backup dhe disaster recovery,Backup dhe rikuperim në rast emergjence,'disaster recovery' is untranslated jargon for business owners; the site elsewhere says 'rikuperim'/'plan rikuperimi'. Keeping the English term is acceptable if this plan targets technical buyers.,improvement,Kept: The current site already says 'Backup & Disaster Recovery' in this package.
SQ,R091,items.0.bullets.1,"Formularë, WhatsApp dhe rrugë kontakti të dukshme",Dizajn profesional që mbetet i njëtrajtshëm në çdo pajisje,"Meaning mismatch: Albanian says 'Forms, WhatsApp and visible contact paths'; English is 'Professional design that stays consistent on every device'. The whole Albanian bullet list for this service differs from the English (bullets 0, 2, 3 are older copy, and bullet 2 already starts 'Dizajn profesional...'), so consider aligning all four bullets.",error,Kept: These Albanian bullets are the current site's own wording; the suggestion would duplicate the next bullet.
SQ,R118,process.steps.3.text,"Qëndrojmë të përfshirë me monitorim, përditësime dhe suport.","Mbetemi pranë ekipit me monitorim, përditësime dhe suport.",'Qëndrojmë të përfshirë me' is a literal calque of 'stay involved with' (the collocation is 'të përfshirë në'); 'Qëndrojmë pranë' matches the Home page step text.,improvement,Applied (adjusted)
SQ,R123,cta.text,"Dërgo kërkesën ose cakto një bisedë. Të kthehemi me hapat e parë: çfarë ka prioritet, çfarë duhet sqaruar dhe si fillojmë.","Dërgo kërkesën ose cakto një bisedë. Ne të kthehemi me hapat e parë: çfarë ka prioritet, çfarë duhet sqaruar dhe si fillojmë.",Sentence-initial 'Të kthehemi' reads first as the hortative 'Let's go back'; adding 'ne' makes it clearly 'we get back to you'.,improvement,Applied
SQ,R149,agents.items.1.tasks.2,Nxjerr pikat kryesore,Nxjerr në pah vendimet,English is 'Highlights decisions'; 'Nxjerr pikat kryesore' means 'extracts the key points' and drops 'decisions' (the benefit line is 'Vendime më të qarta'). Alternatively adjust the English.,improvement,Kept: Restored to the current site's wording 'Nxjerr pika kryesore'.
SQ,R167,rules.text,"Për kompanitë, AI duhet të jetë i dobishëm dhe i kontrolluar. Ndërtojmë role, aprovime, histori veprimesh dhe kufij të qartë për të dhënat.","Për kompanitë, AI duhet të jetë i dobishëm dhe i kontrolluar. Ndërtojmë role, aprovime, historik veprimesh dhe kufij të qartë për të dhënat.",Terminology: the same section's list and the Services page say 'historik veprimesh' (action log); 'histori' means history/story.,improvement,Applied
SQ,R172,brief.text,"Përshkruaj procesin, mjetet që përdorni dhe çfarë do të automatizosh. Të kthehemi me rastin më të mirë për një pilot.","Përshkruaj procesin, mjetet që përdor dhe çfarë do të automatizosh. Ne të kthehemi me rastin më të mirë për një pilot.",Mixed address in one sentence: 'përdorni' (ju) next to 'Përshkruaj'/'automatizosh' (ti); use 'përdor'. Also sentence-initial 'Të kthehemi' reads as 'Let's go back'; 'Ne të kthehemi' is unambiguous.,error,Applied
SQ,R220,services.items.2.text,"Video të shkurtra, lëvizje grafike, intro, reklama dhe materiale të animuara për prezantim.","Video të shkurtra, motion graphics, intro, reklama dhe materiale të animuara për prezantim.",'lëvizje grafike' is a word-for-word rendering of 'motion graphics' that reads as 'graphic movements'; the section already uses 'motion' as a loanword.,improvement,Kept: 'lëvizje grafike' is the current site's wording.
SQ,R232,brief.text,"Mjafton një ide e shkurtër, një nevojë e markës ose një qëllim fushate. Të kthehemi me drejtim vizual, hapat e radhës dhe ofertë për punën.","Mjafton një ide e shkurtër, një nevojë e markës ose një qëllim fushate. Ne të kthehemi me drejtim vizual, hapat e radhës dhe ofertë për punën.",Sentence-initial 'Të kthehemi' reads first as the hortative 'Let's go back'; adding 'ne' makes it clearly 'we get back to you'.,improvement,Applied
SQ,R235,brief.asideText,"IT Department mund ta lidhë faqen, sistemin, marketingun dhe prezencën vizuale që të gjitha të shkojnë në të njëjtin drejtim.","IT Department mund t'i lidhë faqen, sistemin, marketingun dhe prezencën vizuale, që të gjitha të shkojnë në të njëjtin drejtim.","The object is four coordinated nouns, so the doubling clitic must be plural: 't'i lidhë', not 'ta lidhë'. A comma before the purpose clause 'që të gjitha...' also helps.",error,Applied
SQ,R236,hero.h1,Ekip teknologjie që ndërton dhe kujdeset për sistemet me të cilat punojnë bizneset.,Ekip teknologjie që ndërton dhe mirëmban sistemet me të cilat punojnë bizneset.,"'ndërton' (direct object) and 'kujdeset për' (preposition) cannot cleanly share 'sistemet', so 'ndërton' is left without an object; 'ndërton dhe mirëmban' matches the Home and About lead wording.",improvement,Applied
SQ,R254,hero.h1,Na trego çfarë të duhet. Të kthehemi me hapin e radhës.,Na trego çfarë të duhet. Ne të kthehemi me hapin e radhës.,Sentence-initial 'Të kthehemi' reads first as the hortative 'Let's go back'; adding 'ne' makes it clearly 'we get back to you'. This is the Contact page H1.,improvement,Applied
SQ,R261,form.text,"Përshkruaj projektin, problemin ose auditimin që të duhet dhe të kthehemi me hapat e radhës.","Përshkruaj projektin, problemin ose auditimin që të duhet dhe ne të kthehemi me hapat e radhës.","After an imperative, 'dhe të kthehemi' reads as 'and let's go back'; 'dhe ne të kthehemi' makes it 'and we get back to you'.",improvement,Applied
SQ,R274,sections.2.text,"Faqja përdor shërbime të sigurta për formularë, takime dhe komunikim. Këto shërbime mund të përpunojnë të dhëna sipas rregullave të tyre.","Faqja përdor shërbime të besueshme për formularë, takime dhe komunikim. Këto shërbime mund të përpunojnë të dhëna sipas rregullave të tyre.",Meaning shift in a legal text: English says 'trusted' services; 'të sigurta' claims they are 'secure/safe'. 'të besueshme' = trusted.,error,Kept: Legal text: restored word for word from the current privacy page. The reviewer notes that 'të sigurta' (secure) differs from the English 'trusted'; worth a look by whoever owns the policy.
SQ,R275,contactText,Na shkruani në {email} ose në WhatsApp te {phone}.,"Na shkruani në {email} ose në WhatsApp, në numrin {phone}.",'te' is used for people/places; with a phone number Albanian says 'në numrin'. Formal 'shkruani' kept because the Privacy page consistently uses 'ju'.,improvement,Kept: Legal text: current site's wording.
SQ,R276,contactText,Na shkruani në {email} ose në WhatsApp te {phone}.,"Na shkruani në {email} ose në WhatsApp, në numrin {phone}.",'te' is used for people/places; with a phone number Albanian says 'në numrin'. Formal 'shkruani' kept because the Terms page consistently uses 'ju'.,improvement,Kept: Legal text: current site's wording.
SQ,-,extra,Nxjerr pikat kryesore,Nxjerr pika kryesore,Consistency with the accepted fixes,improvement,Applied
DE,R004,bookCall,30-Min-Gespräch buchen,30-Minuten-Gespräch buchen,'Min' without a period is neither the abbreviation 'Min.' nor the unit symbol 'min'; the spelled-out compound is the clean form and matches '30 Minuten' on the contact page.,improvement,Applied
DE,R007,ogTitle,"Website, Software und IT-Support.","Websites, Software und IT-Support.",English and the home H1 use the plural 'Websites'; the singular reads like 'a website' and is inconsistent with R010/R032.,improvement,Applied
DE,R011,footerTagline,"Websites, Software, AI Agents, IT-Support und Cybersicherheit für Unternehmen, die klarer arbeiten und sicherere Systeme wollen.","Websites, Software, AI Agents, IT-Support und Cybersicherheit für Unternehmen, die klarere Abläufe und sicherere Systeme wollen.",'die klarer arbeiten und … wollen' naturally parses as 'companies that (already) work more clearly and want safer systems'; 'klarere Abläufe' keeps the intended 'want clearer work'.,improvement,Applied
DE,R038,what.h2,"Alles, was Ihr Unternehmen von der Technologie braucht, an einem Ort.","Alles, was Ihr Unternehmen an Technologie braucht, aus einer Hand.",'von der Technologie braucht' is a calque of 'needs from technology'; idiomatic is 'an Technologie braucht'. 'aus einer Hand' is the standard German phrase for one-stop services (keeping 'an einem Ort' is also acceptable).,improvement,Applied
DE,R040,what.items.0.text,"Unternehmenswebsites und Landingpages, die Ihr Angebot klar erklären, schnell laden und den Kontakt einfach machen.","Unternehmenswebsites und Landingpages, die Ihr Angebot klar erklären, schnell laden und die Kontaktaufnahme erleichtern.",'den Kontakt einfach machen' is a literal rendering of 'make contact easy'; 'die Kontaktaufnahme erleichtern' is the natural collocation.,improvement,Applied
DE,R069,packages.lead,"Drei einfache Pakete, von Basis-Support bis zur kompletten Betreuung Ihrer IT-Umgebung.","Drei einfache Pakete, vom Basis-Support bis zur kompletten Betreuung Ihrer IT-Umgebung.",Parallel range construction: 'vom … bis zur …' (article on both sides) instead of 'von … bis zur …'.,improvement,Applied
DE,R070,packages.note,Die Preise sind ein Ausgangspunkt. Das endgültige Angebot wird nach Prüfung Ihrer Umgebung bestätigt.,Die Preise sind Richtwerte. Das endgültige Angebot wird nach Prüfung Ihrer IT-Umgebung bestätigt.,'Die Preise sind ein Ausgangspunkt' is a literal translation; 'Richtwerte' is the usual wording. 'Ihrer Umgebung' alone is vague; 'IT-Umgebung' matches the lead above.,improvement,Applied
DE,R077,hero.h1,"Klare Leistungen, ohne technisches Rauschen.","Klare Leistungen, ohne unnötige Fachsprache.",'technisches Rauschen' reads as literal signal noise (static) in German; 'ohne Fachjargon' (or 'ohne technischen Ballast') carries the intended 'without the technical noise'.,improvement,Applied (adjusted)
DE,R096,items.2.result,"ein Werkzeug, das täglich genutzt wird, nicht ein Projekt, das ungenutzt bleibt.","ein Werkzeug, das täglich genutzt wird, kein Projekt, das ungenutzt bleibt.","In an 'X, not Y' contrast German negates the indefinite noun with 'kein', not 'nicht ein'.",improvement,Applied
DE,R163,process.steps.1.text,"Wir trennen, was automatisiert werden kann, was Freigabe braucht und was bei Menschen bleibt.","Wir unterscheiden, was automatisiert werden kann, was eine Freigabe braucht und was bei Menschen bleibt.",'trennen' needs 'von' (X von Y trennen) and does not take a list of what-clauses naturally; 'unterscheiden' fits. 'was eine Freigabe braucht' needs the article.,improvement,Applied
DE,R172,brief.text,"Beschreiben Sie den Prozess, die genutzten Tools und was automatisiert werden soll. Wir melden uns mit dem besten ersten Anwendungsfall für einen Pilot.","Beschreiben Sie den Prozess, die genutzten Tools und was automatisiert werden soll. Wir melden uns mit dem besten ersten Anwendungsfall für ein Pilotprojekt.","'Pilot' is a weak masculine noun, so the accusative is 'einen Piloten', not 'einen Pilot'. 'ein Pilotprojekt' avoids the declension and the aviation reading ('einen Piloten' is also correct).",error,Applied
DE,R180,hero.lead,"Was wir bauen und warum es wichtig ist. Diese Beispiele beschreiben die Arbeit ohne Nennung des Kunden. Fragen Sie uns nach dem Fall, der Ihrer Branche am nächsten kommt.","Was wir bauen und warum es wichtig ist. Diese Beispiele beschreiben die Arbeit ohne Nennung des Kunden. Fragen Sie uns nach dem Projekt, das Ihrer Branche am nächsten kommt.",A bare 'der Fall' sounds like a legal or medical case; 'Projekt' (or 'Fallbeispiel') is what a German reader expects here.,improvement,Applied
DE,R186,cases.items.3.text,"Technische Struktur kombiniert mit kreativer Umsetzung, damit Kommunikation so seriös wirkt wie das System dahinter.","Technische Struktur kombiniert mit kreativer Umsetzung, damit die Kommunikation so seriös wirkt wie das System dahinter.",Specific reference ('as the system behind it') needs the article: 'die Kommunikation'. Without it the sentence reads like a generic statement about communication.,improvement,Applied
DE,R195,types.lead,"Vom Onlineshop bis zu Team-, Auftrags-, Lager- und Reporting-Management: Ein Projekt kann klein starten und zu einem vollen System wachsen.","Vom Onlineshop bis zum Team-, Auftrags-, Lager- und Reporting-Management: Ein Projekt kann klein starten und zu einem vollständigen System wachsen.",Parallel 'Vom … bis zum …'. 'ein volles System' is not idiomatic for 'a full system'; use 'vollständigen' (or 'vollwertigen').,improvement,Applied
DE,R212,cta.text,Wir schauen es gemeinsam an und machen daraus einen Plan.,Wir schauen es uns gemeinsam an und machen daraus einen Plan.,'sich etwas anschauen' is reflexive in this sense ('take a look at'); without 'uns' it sounds non-native.,improvement,Applied
DE,R215,hero.wa,"Hallo, ich interessiere mich für Kreativarbeit und digitales Marketing.","Hallo, ich interessiere mich für Kreativleistungen und digitales Marketing.",'Kreativarbeit' drops 'services' and can read as a personal interest in doing creative work (like a job enquiry); 'Kreativleistungen' matches 'creative … services'.,improvement,Applied
DE,R231,brief.h2,"Sagen Sie uns, was schärfer aussehen soll.","Sagen Sie uns, was professioneller wirken soll.",'schärfer aussehen' is a literal translation of 'look sharper' and in colloquial German 'scharf aussehen' means 'look hot/sexy'. 'professioneller wirken' matches the page ('professioneller wirken lassen'). 'was einen schärferen Auftritt braucht' would keep the metaphor.,improvement,Applied
DE,R232,brief.text,"Eine kurze Idee, ein Markenbedarf oder ein Kampagnenziel reicht. Wir melden uns mit visueller Richtung, nächsten Schritten und einem Angebot.","Eine kurze Idee, ein Anliegen zur Marke oder ein Kampagnenziel reicht. Wir melden uns mit einer visuellen Richtung, den nächsten Schritten und einem Angebot.",'Markenbedarf' is an unidiomatic coinage (reads like 'demand for branded goods'); 'ein Anliegen zur Marke' says 'brand need'. The list after 'mit' mixes bare nouns with 'einem Angebot'; add the articles.,improvement,Applied
DE,R246,who.text,"Wachsende Unternehmen, Teams mit Standardbedarf, Firmen mit stärkerem Sicherheitsanspruch und Organisationen, die seriöser auftreten wollen.","Wachsende Unternehmen, Teams mit Bedarf an Standards, Firmen mit höheren Sicherheitsansprüchen und Organisationen, die seriöser auftreten wollen.","Meaning error: 'Standardbedarf' means 'ordinary/standard demand', not 'a need for standards'. Also the idiomatic collocation is 'höhere Sicherheitsansprüche', not 'stärkerer Sicherheitsanspruch'.",error,Applied
DE,R255,hero.lead,"Sie benötigen IT-Support, Sicherheit, eine Website, Software oder KI in Prishtina und Kosovo? Buchen Sie ein kurzes Gespräch oder senden Sie eine schriftliche Anfrage.","Sie benötigen IT-Support, Sicherheit, eine Website, Software oder KI in Prishtina und im Kosovo? Buchen Sie ein kurzes Gespräch oder senden Sie eine schriftliche Anfrage.","Standard German uses the article with Kosovo ('im Kosovo'), as the site already does in R078 and R190. Note: the same 'in Prishtina und Kosovo' also appears in existing (reused) strings: services desc and services items 0 and 3.",improvement,Applied
DE,-,extra,Websites für Unternehmen in Prishtina und Kosovo:,Websites für Unternehmen in Prishtina und im Kosovo:,Consistency with the accepted fixes,improvement,Applied
DE,-,extra,IT-Support für Unternehmen in Prishtina und Kosovo:,IT-Support für Unternehmen in Prishtina und im Kosovo:,Consistency with the accepted fixes,improvement,Applied
DE,ITD Labs,labs.desc,"…Kraken Communications für Kundengespräche und AURA, ein privater Sprachassistent.",…Kraken Communications für Kundengespräche sowie der private Sprachassistent AURA.,Nested list: 'und AURA' read as part of 'für Kundengespräche'.,error,Applied
DE,ITD Labs,labs.list.h2,Drei Produkte. Ein Zuhause.,Drei Produkte. Unter einem Dach.,'Ein Zuhause' sounds translated; 'unter einem Dach' is the idiom.,improvement,Applied
DE,ITD Labs,labs.cta.h2,Sehen Sie das Produkt mit Ihrem eigenen Ablauf.,Erleben Sie das Produkt mit Ihren eigenen Abläufen.,Literal 'sehen … mit einem Ablauf'.,improvement,Applied
DE,ITD Labs,labs.cta.text / communications.cta.text,Eine Demo mit Ihrem Kanal und Ihrem Arbeitsprozess.,"Eine Demo, zugeschnitten auf Ihren Kanal und die Arbeitsweise Ihres Teams.",Restores 'built around' and 'your team'; less stiff.,improvement,Applied
DE,ITD Labs,krakenos.hero.alt,…Lager und Prognose…,…Lagerbestand und Prognose…,'Stock' on a dashboard is the stock level.,improvement,Applied
DE,ITD Labs,krakenos.about.eyebrow,Was es ist,Überblick,Literal label.,improvement,Applied
DE,ITD Labs,krakenos.about.paragraphs.0,…eine modulare Plattform zur Organisation von Unternehmen.,"…eine modulare Plattform, mit der Sie Ihr Unternehmen organisieren.",Reviewer proposed 'zur Unternehmenssteuerung'; changed differently because the source says organising the business (Unternehmenssteuerung sounds like ERP/controlling).,improvement,Applied (adapted)
DE,ITD Labs,krakenos.layers.items.0.text,"…Finanzen, Menschen und Ressourcen.","…Finanzen, Personal und Ressourcen.",'Menschen' is odd in a module list; matches the HR module.,improvement,Applied
DE,ITD Labs,krakenos.layers.items.1.title,Gemeinsame Funktionen,Übergreifende Funktionen,Usual term for functions shared across modules.,improvement,Applied
DE,ITD Labs,krakenos.modules.items.13,Lager,Lager & Bestand,'Stock' had been dropped.,error,Applied
DE,ITD Labs,krakenos.modules.items.14,Anlagen,Anlagenverwaltung,'Anlagen' alone can mean attachments.,improvement,Applied
DE,ITD Labs,krakenos.modules.sector.2,Gastronomie-Kasse (POS),Gastronomiekasse (POS),Usually written as one word.,improvement,Applied
DE,ITD Labs,krakenos.flow.text,"Der Kontakt entsteht im CRM, …","Der Kontakt wird im CRM angelegt, …",'anlegen' is the standard CRM verb.,improvement,Applied
DE,ITD Labs,krakenos.cta.text,"…Entscheidungen, verbunden auf einer Plattform.","…Entscheidungen, vereint auf einer Plattform.",Unusual collocation 'verbunden auf'.,improvement,Applied
DE,ITD Labs,communications.desc,…Nachverfolgung und Angeboten im Gespräch.,…Nachverfolgung und verknüpften Angeboten.,"'im Gespräch' also means 'under discussion'. Reviewer proposed 'direkt aus dem Gespräch'; not used because offers are linked to the conversation, not created in it (deck slide 10).",error,Applied (adapted)
DE,ITD Labs,communications.features.items.2.text,…vor dem Einsatz privat getestet.,…vor dem Einsatz intern getestet.,'privat' means personal in German.,error,Applied
DE,ITD Labs,communications.included.eyebrow,Was enthalten ist,Leistungsumfang,Standard B2B label.,improvement,Applied
DE,ITD Labs,communications.included.items.3,Berichte und Teamarbeit,Berichte und Teamaktivität,"'Teamarbeit' means teamwork, not team activity.",error,Applied
SQ,ITD Labs,labs.desc,"…për bisedat me klientët dhe AURA, asistent privat me zë.","…për bisedat me klientët, si dhe AURA, asistent privat me zë.",Could be read as 'conversations with clients and AURA'.,error,Applied
SQ,ITD Labs,labs.list.h2,Tre produkte. Një shtëpi.,Tri produkte. Një shtëpi.,"Standard agreement: 'produkte' takes feminine agreement in the plural ('tri', as in 'Tri shtresa').",improvement,Applied
SQ,ITD Labs,labs.products.1.text / communications.hero.lead / communications.desc,"…nga website chat, Instagram…","…nga Website chat, Instagram…","Lowercase English mid-sentence looked untranslated; written as the channel name, like the chip.",improvement,Applied
SQ,ITD Labs,labs.products.2.text,Mëson si punon përdoruesi dhe i kthen kërkesat në detyra dhe takime.,Mëson si punon dhe i kthen kërkesat e tua në detyra dhe takime konkrete.,'përdoruesi' broke the informal 'ti' address; 'konkrete' restores 'real'. Reviewer wording adapted ('si punon ti' → 'si punon … kërkesat e tua').,improvement,Applied (adapted)
SQ,ITD Labs,labs.products.2.preview,Pamje paraprake,Version paraprak / Në zhvillim,"Reviewer: 'pamje paraprake' is the software 'preview' term. Kept: both alternatives claim a product stage nobody confirmed, and the report itself says AURA is shown as a 'pamje'.",suggestion,Kept
SQ,ITD Labs,labs.cta.h2,Shihe produktin me procesin tënd.,Shihe produktin në procesin tënd.,'me' copies the English 'with'.,improvement,Applied
SQ,ITD Labs,krakenos.about.paragraphs.1,…ndërsa menaxhimi sheh pamjen e përgjithshme.,…ndërsa menaxhmenti sheh pamjen e përgjithshme.,'menaxhimi' is the activity; the people are 'menaxhmenti'.,error,Applied
SQ,ITD Labs,krakenos.start.items.5,Testimi i rrjedhave,Testimi i rrjedhave të punës,'rrjedhave' alone is vague.,improvement,Applied
SQ,ITD Labs,krakenos.start.note,…dhe shërbimet AI…,…dhe shërbimet e AI-së…,English word order; matches 'njohuritë e AI-së'.,improvement,Applied
SQ,ITD Labs,communications.hero.alt,"…bisedat e hapura, të pacaktuara dhe kërkesat me afat të kaluar","…bisedat e hapura dhe të pacaktuara, si dhe kërkesat me afat të kaluar","The screenshot card says 'Overdue requests', so the Albanian was right; the English and German alt texts were corrected to 'overdue requests' instead.",error (EN/DE),Applied
SQ,ITD Labs,communications.features.items.1.text,Marrja e bisedës…,Marrja përsipër e bisedës…,Plain 'marrja' can read as receiving a conversation.,improvement,Applied
SQ,ITD Labs,communications.included.h2,"Një paketë, e qartë.","Një paketë, e përcaktuar qartë.",'e qartë' alone loses 'defined'.,improvement,Applied
