ID,Page,Where,English (reference),Albanian,Albanian status,German,German status,Reviewer notes
R001,"All pages (menu, footer, forms)",skip,Skip to content,Kalo te përmbajtja,new,Zum Inhalt springen,new,
R002,"All pages (menu, footer, forms)",nav.3.1,ITD Labs,ITD Labs,new,ITD Labs,new,
R003,"All pages (menu, footer, forms)",langLabel,Language,Gjuha,new,,reused,
R004,"All pages (menu, footer, forms)",themeLabel,Switch between light and dark theme,Ndërro mes temës së çelët dhe të errët,new,Zwischen hellem und dunklem Design wechseln,new,
R005,"All pages (menu, footer, forms)",bookCall,Book a 30-min call,Cakto një bisedë 30 min,new,30-Minuten-Gespräch buchen,new,
R006,"All pages (menu, footer, forms)",requestDemo,Request a demo,Kërko një demonstrim,new,Demo anfragen,new,
R007,"All pages (menu, footer, forms)",waDemo,Hello! I'm interested in a demo of {product}.,Përshëndetje! Më intereson një demonstrim për {product}.,new,Hallo! Ich interessiere mich für eine Demo von {product}.,new,
R008,"All pages (menu, footer, forms)",crumbLabel,Breadcrumb,Ku ndodhesh,new,Pfadnavigation,new,
R009,"All pages (menu, footer, forms)",booking.opening,Opening the calendar…,Po hapet kalendari…,new,Kalender wird geöffnet …,new,
R010,"All pages (menu, footer, forms)",booking.fallback,"If the calendar does not open, continue on Calendly.","Nëse kalendari nuk hapet, vazhdo në Calendly.",new,"Falls der Kalender nicht lädt, öffnen Sie Calendly direkt.",new,
R011,"All pages (menu, footer, forms)",booking.open,Open Calendly,Hap në Calendly,new,Calendly öffnen,new,
R012,"All pages (menu, footer, forms)",booking.confirmed,Your call is booked. The confirmation arrives by email.,Takimi u caktua. Konfirmimin e merr me email.,new,Ihr Gespräch ist gebucht. Die Bestätigung erhalten Sie per E-Mail.,new,
R013,"All pages (menu, footer, forms)",learnMore,Learn more,Mëso më shumë,new,Mehr erfahren,new,
R014,"All pages (menu, footer, forms)",heroNote,"We work in Albanian, English and German","Punojmë në shqip, anglisht dhe gjermanisht",new,"Wir arbeiten auf Albanisch, Englisch und Deutsch",new,
R015,"All pages (menu, footer, forms)",ogTitle,"Websites, software and IT support.","Faqe web, softuer dhe mbështetje IT.",new,"Websites, Software und IT-Support.",new,
R016,"All pages (menu, footer, forms)",ogSub,"One team, one clear system.","Një ekip, një sistem i qartë.",new,"Ein Team, ein klares System.",new,
R017,"All pages (menu, footer, forms)",ogEyebrow,"Technology partner in Prishtina, Kosovo","Partner teknologjik në Prishtinë, Kosovë",new,"Technologiepartner in Prishtina, Kosovo",new,
R018,"All pages (menu, footer, forms)",ogAlt,"IT Department: websites, software, AI agents and IT support in Prishtina, Kosovo","IT Department: faqe web, softuer, AI agents dhe mbështetje IT në Prishtinë, Kosovë",new,"IT Department: Websites, Software, AI Agents und IT-Support in Prishtina, Kosovo",new,
R019,"All pages (menu, footer, forms)",footerTagline,"Websites, software, AI agents, IT support and cybersecurity for businesses that want clearer work and safer systems.","Faqe web, softuer, AI agents, mbështetje IT dhe siguri kibernetike për biznese që duan punë më të qartë dhe sisteme më të sigurta.",new,"Websites, Software, AI Agents, IT-Support und Cybersicherheit für Unternehmen, die klarere Abläufe und sicherere Systeme wollen.",new,
R020,"All pages (menu, footer, forms)",footerServiceLinks.1.0,Business systems,Sisteme biznesi,new,,reused,
R021,"All pages (menu, footer, forms)",footerServiceLinks.5.0,Branding & marketing,,reused,Branding & Marketing,new,
R022,"All pages (menu, footer, forms)",hours,"Mon–Fri, 09:00–18:00","E hënë–e premte, 09:00–18:00",new,"Mo–Fr, 09:00–18:00",new,
R023,"All pages (menu, footer, forms)",languagesNote,Albanian · English · German,Shqip · Anglisht · Gjermanisht,new,Albanisch · Englisch · Deutsch,new,
R024,"All pages (menu, footer, forms)",partnersLabel,Technologies and platforms we work with,Teknologjitë dhe platformat me të cilat punojmë,new,"Technologien und Plattformen, mit denen wir arbeiten",new,
R025,"All pages (menu, footer, forms)",rights,IT Department. All rights reserved.,IT Department. Të gjitha të drejtat e rezervuara.,new,IT Department. Alle Rechte vorbehalten.,new,
R026,"All pages (menu, footer, forms)",chat,Chat with ITD,Bisedo me ITD,new,Mit ITD chatten,new,
R027,"All pages (menu, footer, forms)",askAbout,Ask about {plan},Pyet për {plan},new,Anfrage zu {plan},new,
R028,"All pages (menu, footer, forms)",form.phonePh,+383 ...,+383 ...,new,+383 ...,new,
R029,"All pages (menu, footer, forms)",form.messagePh,Briefly describe the problem or idea.,Përshkruaj shkurt problemin ose idenë.,new,Beschreiben Sie kurz das Problem oder die Idee.,new,
R030,"All pages (menu, footer, forms)",form.sending,Sending…,Duke dërguar…,new,Wird gesendet…,new,
R031,"All pages (menu, footer, forms)",form.success,Your message was sent successfully.,Mesazhi u dërgua me sukses.,new,Ihre Nachricht wurde erfolgreich gesendet.,new,
R032,"All pages (menu, footer, forms)",form.error,Sending failed. Please try again or message us on WhatsApp.,Dërgimi dështoi. Provo përsëri ose na shkruaj në WhatsApp.,new,Senden fehlgeschlagen. Bitte versuchen Sie es erneut oder schreiben Sie uns auf WhatsApp.,new,
R033,"All pages (menu, footer, forms)",form.required,Please fill in all required fields before submitting.,Plotëso të gjitha fushat e detyrueshme përpara dërgimit.,new,Bitte füllen Sie alle Pflichtfelder vor dem Senden aus.,new,
R034,"All pages (menu, footer, forms)",form.validEmail,Please enter a valid email address.,Vendos një email të vlefshëm.,new,Bitte geben Sie eine gültige E-Mail-Adresse ein.,new,
R035,"All pages (menu, footer, forms)",form.optional,optional,opsionale,new,optional,new,
R036,"All pages (menu, footer, forms)",form.privacyNote,By sending this form you agree to our {link}.,"Duke dërguar formularin, pajtohesh me {link}.",new,Mit dem Absenden stimmen Sie unserer {link} zu.,new,
R037,"All pages (menu, footer, forms)",form.privacyLink,privacy policy,politikën e privatësisë,new,,reused,
R038,"All pages (menu, footer, forms)",waDefault,Hello! I would like to talk about IT services for my company.,Përshëndetje! Dua të flas për shërbime IT për kompaninë time.,new,Hallo! Ich möchte über IT-Leistungen für mein Unternehmen sprechen.,new,
R039,Home,hero.eyebrow,"One team for web, software, AI and IT","Një ekip për web, softuer, AI dhe IT",new,"Ein Team für Web, Software, KI und IT",new,
R040,Home,hero.h1,"Websites, software and IT support in Prishtina, Kosovo.","Faqe web, softuer dhe mbështetje IT në Prishtinë, Kosovë.",new,"Websites, Software und IT-Support in Prishtina, Kosovo.",new,
R041,Home,hero.lead,"IT Department builds and looks after the technology your business runs on: websites, business management systems, AI agents, networks and security.","IT Department ndërton dhe mirëmban teknologjinë me të cilën punon biznesi yt: faqe web, sisteme administrimi, AI agents, rrjete dhe siguri.",new,"IT Department baut und betreut die Technologie, mit der Ihr Unternehmen arbeitet: Websites, Verwaltungssysteme, AI Agents, Netzwerke und Sicherheit.",new,
R042,Home,mock.dashLabel,Requests this week,Kërkesa këtë javë,new,Anfragen diese Woche,new,
R043,Home,mock.status,Backup OK · 02:00,Backup OK · 02:00,new,Backup OK · 02:00,new,
R044,Home,mock.agent,AI agent · 3 replies ready for approval,AI agent · 3 përgjigje gati për aprovim,new,AI Agent · 3 Antworten zur Freigabe,new,
R045,Home,what.eyebrow,What we do,,reused,Was wir tun,new,
R046,Home,what.h2,"Everything your business needs from technology, in one place.","Gjithçka që i duhet biznesit nga teknologjia, në një vend.",new,"Alles, was Ihr Unternehmen an Technologie braucht, aus einer Hand.",new,
R047,Home,what.lead,Start with the one thing that hurts most. We make sure it fits the rest of the business.,Fillo me atë që të pengon më shumë. Ne sigurohemi që të lidhet me pjesën tjetër të biznesit.,new,"Beginnen Sie mit dem, was am meisten stört. Wir sorgen dafür, dass es zum Rest des Unternehmens passt.",new,
R048,Home,what.items.0.text,"Business websites and landing pages that explain your offer clearly, load fast and make contact easy.","Faqe web dhe landing pages që e shpjegojnë ofertën qartë, hapen shpejt dhe e bëjnë kontaktin të lehtë.",new,"Unternehmenswebsites und Landingpages, die Ihr Angebot klar erklären, schnell laden und die Kontaktaufnahme erleichtern.",new,
R049,Home,what.items.1.title,Business systems & software,Sisteme biznesi & softuer,new,Geschäftssysteme & Software,new,
R050,Home,what.items.1.text,"Systems for clients, orders, bookings, inventory and reporting. Panels with roles, automated workflows, integrations.","Sisteme për klientë, porosi, rezervime, stok dhe raporte. Panele me role, procese të automatizuara dhe integrime.",new,"Systeme für Kunden, Aufträge, Buchungen, Lager und Reporting. Panels mit Rollen, automatisierte Abläufe, Integrationen.",new,
R051,Home,what.items.2.text,"Agents that answer, organise, report and follow up on repetitive work, with human approval for sensitive decisions.","Agjentë që përgjigjen, organizojnë, raportojnë dhe ndjekin punët e përsëritura, me aprovim njerëzor për vendimet e ndjeshme.",new,"Agenten, die antworten, organisieren, berichten und wiederkehrende Arbeit nachverfolgen, mit menschlicher Freigabe bei sensiblen Entscheidungen.",new,
R052,Home,what.items.3.title,IT support & infrastructure,Mbështetje IT & infrastrukturë,new,IT-Support & Infrastruktur,new,
R053,Home,what.items.3.text,"Networks, servers, devices, email, users and backups, with monitoring, maintenance and documentation.","Rrjete, serverë, pajisje, email, përdorues dhe backup, me monitorim, mirëmbajtje dhe dokumentim.",new,"Netzwerke, Server, Geräte, E-Mail, Benutzer und Backups, mit Monitoring, Wartung und Dokumentation.",new,
R054,Home,what.items.4.title,Cybersecurity & audit,Siguri kibernetike & auditim,new,Cybersicherheit & Audit,new,
R055,Home,what.items.4.text,"Access control, firewalls, malware protection, secure backups and a recovery plan. Audits with clear priorities.","Kontroll qasjesh, firewall, mbrojtje nga malware, backup i sigurt dhe plan rikuperimi. Auditime me prioritete të qarta.",new,"Zugriffskontrolle, Firewalls, Malware-Schutz, sichere Backups und ein Wiederherstellungsplan. Audits mit klaren Prioritäten.",new,
R056,Home,what.items.5.title,Branding & digital marketing,,reused,Branding & digitales Marketing,new,
R057,Home,what.items.5.text,"Visual identity, social media, video and campaigns that match how the business actually works.","Identitet vizual, social media, video dhe fushata që përputhen me mënyrën si punon biznesi.",new,"Visuelle Identität, Social Media, Video und Kampagnen, die dazu passen, wie das Unternehmen wirklich arbeitet.",new,
R058,Home,how.h2,A simple process. No surprises.,Proces i thjeshtë. Pa surpriza.,new,Ein einfacher Prozess. Keine Überraschungen.,new,
R059,Home,how.steps.0.text,"We start with how the business works today: the team, the tools and the bottlenecks.","Fillojmë me mënyrën si punon biznesi sot: ekipi, mjetet dhe pengesat.",new,"Wir beginnen damit, wie das Unternehmen heute arbeitet: Team, Tools und Engpässe.",new,
R060,Home,how.steps.1.title,Plan,,reused,Planen,new,
R061,Home,how.steps.1.text,"We agree what comes first, what can wait and what it will cost.","Vendosim bashkë çfarë bëhet së pari, çfarë mund të presë dhe sa kushton.",new,"Wir legen gemeinsam fest, was zuerst kommt, was warten kann und was es kostet.",new,
R062,Home,how.steps.2.title,Build,,reused,Umsetzen,new,
R063,Home,how.steps.2.text,"We implement in controlled steps, with testing, documentation and a clear handover.","Zbatojmë me hapa të kontrolluar, me testim, dokumentim dhe dorëzim të qartë.",new,"Wir setzen in kontrollierten Schritten um, mit Tests, Dokumentation und klarer Übergabe.",new,
R064,Home,how.steps.3.title,Support,Mbështesim,new,,reused,
R065,Home,how.steps.3.text,"We stay on: monitoring, updates, security checks and help when the team needs it.","Qëndrojmë pranë: monitorim, përditësime, kontrolle sigurie dhe ndihmë kur ekipit i duhet.",new,"Wir bleiben dran: Monitoring, Updates, Sicherheitschecks und Hilfe, wenn das Team sie braucht.",new,
R066,Home,proof.eyebrow,In numbers,Në numra,new,,reused,
R067,Home,proof.h2,Results you can feel in daily work.,Rezultate që ndihen në punën e përditshme.,new,,reused,
R068,Home,proof.stats.0.label,Projects delivered,Projekte të dorëzuara,new,Umgesetzte Projekte,new,
R069,Home,proof.stats.0.text,"Websites, systems, security and automation.","Faqe, sisteme, siguri dhe automatizim.",new,"Websites, Systeme, Sicherheit und Automatisierung.",new,
R070,Home,proof.stats.1.label,Active clients,Klientë aktivë,new,,reused,
R071,Home,proof.stats.1.text,Businesses that want clear communication and reliable systems.,Biznese që duan komunikim të qartë dhe sisteme të besueshme.,new,"Unternehmen, die klare Kommunikation und verlässliche Systeme wollen.",new,
R072,Home,proof.stats.2.text,"Web, cloud, networking, payments and security technologies.","Teknologji për web, cloud, rrjete, pagesa dhe siguri.",new,"Technologien für Web, Cloud, Netzwerke, Zahlungen und Sicherheit.",new,
R073,Home,proof.stats.3.label,Client satisfaction,Kënaqësi e klientëve,new,Kundenzufriedenheit,new,
R074,Home,proof.stats.3.text,Clients who stay because the process stays clear after delivery.,Klientë që vazhdojnë me ne sepse procesi mbetet i qartë edhe pas dorëzimit.,new,"Kunden bleiben, weil der Prozess auch nach der Übergabe klar bleibt.",new,
R075,Home,packages.eyebrow,Monthly IT support,Mbështetje IT mujore,new,Monatlicher IT-Support,new,
R076,Home,packages.h2,Choose the level of support you need now.,Zgjidh nivelin e mbështetjes që të duhet tani.,new,,reused,
R077,Home,packages.lead,"Three simple packages, from basic support to full management of your IT environment.","Tri paketa të thjeshta, nga mbështetja bazike deri te menaxhimi i plotë i mjedisit IT.",new,"Drei einfache Pakete, vom Basis-Support bis zur kompletten Betreuung Ihrer IT-Umgebung.",new,
R078,Home,packages.note,Prices are a starting point. The final offer is confirmed after we review your setup.,Çmimet janë pikënisje. Oferta finale konfirmohet pasi të shohim gjendjen e sistemeve të tua.,new,Die Preise sind Richtwerte. Das endgültige Angebot wird nach Prüfung Ihrer IT-Umgebung bestätigt.,new,
R079,Home,packages.plans.0.lead,For small businesses that want the technical basics under control.,Për biznese të vogla që duan bazën teknike nën kontroll.,new,"Für kleine Unternehmen, die die technische Basis im Griff haben wollen.",new,
R080,Home,packages.plans.1.lead,"For companies that want an active partner for support, servers, network and security.","Për kompani që duan partner aktiv për suport, serverë, rrjet dhe siguri.",new,,reused,
R081,Home,packages.plans.2.lead,For companies where systems are critical and control must be complete.,Për kompani ku sistemet janë kritike dhe kontrolli duhet të jetë i plotë.,new,,reused,
R082,Home,packages.plans.2.features.3,Backup and disaster recovery,Backup dhe disaster recovery,new,Backup und Disaster Recovery,new,
R083,Home,cta.h2,Tell us what slows your business down.,Na trego çfarë e ngadalëson biznesin tënd.,new,"Sagen Sie uns, was Ihr Unternehmen ausbremst.",new,
R084,Home,cta.text,A 30-minute call is enough to see what should come first.,Një bisedë 30-minutëshe mjafton për të parë çfarë duhet bërë së pari.,new,"Ein 30-minütiges Gespräch reicht, um zu sehen, was zuerst kommen sollte.",new,
R085,Services,hero.lead,"Websites, business management systems, applications, IT support, cybersecurity, audits, branding and digital marketing, for businesses in Prishtina and across Kosovo.","Faqe web, sisteme administrimi, aplikacione, mbështetje IT, siguri kibernetike, auditime, branding dhe marketing digjital, për biznese në Prishtinë dhe në gjithë Kosovën.",new,"Websites, Verwaltungssysteme, Applikationen, IT-Support, Cybersicherheit, Audits, Branding und digitales Marketing für Unternehmen in Prishtina und im ganzen Kosovo.",new,
R086,Services,problems.eyebrow,Where we usually start,Ku fillojmë zakonisht,new,Wo wir meist beginnen,new,
R087,Services,problems.h2,The problems that show up when the business grows and the systems don't keep up.,Problemet që shfaqen kur biznesi rritet dhe sistemet nuk ecin bashkë me të.,new,"Die Probleme, die entstehen, wenn das Unternehmen wächst und die Systeme nicht mithalten.",new,
R088,Services,problems.items.0,"Work interruptions caused by networks, servers and devices","Ndërprerje të punës nga rrjeti, serverët dhe pajisjet",new,,reused,
R089,Services,problems.items.1,"Repeated work, manual errors and wasted time","Punë e përsëritur, gabime manuale dhe kohë e humbur",new,,reused,
R090,Services,problems.items.2,"Excel, chat apps and email used as the company system",,reused,"Excel, Chat-Apps und E-Mail als Unternehmenssystem",new,
R091,Services,problems.items.3,"No standards, documentation or access control","Pa standarde, dokumentim dhe kontroll qasjesh",new,,reused,
R092,Services,problems.items.4,Unclear reporting and decisions made without reliable data,Raportim i paqartë dhe vendime pa të dhëna të besueshme,new,,reused,
R093,Services,problems.asideTitle,Solutions the team actually uses every day.,Zgjidhje që ekipi i përdor çdo ditë.,new,,reused,
R094,Services,problems.asideText,"First we understand how the business works. Then we add the structure, tools and support that make daily work easier.","Së pari kuptojmë si punon biznesi. Pastaj shtojmë strukturën, mjetet dhe mbështetjen që e bëjnë punën e përditshme më të lehtë.",new,,reused,
R095,Services,items.0.link.0,Learn more,Mëso më shumë,new,Mehr erfahren,new,
R096,Services,items.0.title,Website design & development,Dizajn dhe zhvillim i faqeve web,new,,reused,
R097,Services,items.0.text,"Business websites in Prishtina and Kosovo: company profiles, service pages and landing pages. Designed for mobile and desktop, with technical SEO and contact forms.","Faqe web për biznese në Prishtinë dhe Kosovë: prezantim kompanie, faqe shërbimesh dhe landing pages. Dizajn për telefon e desktop, SEO teknik dhe formularë kontakti.",new,"Websites für Unternehmen in Prishtina und im Kosovo: Firmenprofile, Leistungsseiten und Landingpages. Design für Mobilgeräte und Desktop, technisches SEO und Kontaktformulare.",new,
R098,Services,items.0.bullets.0,"Clear structure: company profile, services, references and contact details",,reused,"Klare Struktur: Unternehmensprofil, Leistungen, Referenzen und Kontakt",new,
R099,Services,items.0.bullets.1,Professional design that stays consistent on every device,"Formularë, WhatsApp dhe rrugë kontakti të dukshme",new,,reused,
R100,Services,items.1.link.0,Learn more,Mëso më shumë,new,Mehr erfahren,new,
R101,Services,items.2.link.0,Learn more,Mëso më shumë,new,Mehr erfahren,new,
R102,Services,items.2.title,Applications (mobile & web),Aplikacione (mobile & web),new,,reused,
R103,Services,items.2.text,"Applications that staff or clients can use easily, without unnecessary complexity.","Aplikacione që stafi ose klientët i përdorin lehtë, pa kompleksitet të panevojshëm.",new,,reused,
R104,Services,items.2.bullets.1,Focused functions that solve one real job,,reused,"Fokussierte Funktionen, die eine echte Aufgabe lösen",new,
R105,Services,items.2.bullets.2,Planned maintenance and controlled updates,Mirëmbajtje e planifikuar dhe përditësime të kontrolluara,new,,reused,
R106,Services,items.2.result,"a tool that gets used every day, not a project that sits unused.","një mjet që përdoret çdo ditë, jo një projekt që mbetet pa u përdorur.",new,"ein Werkzeug, das täglich genutzt wird, kein Projekt, das ungenutzt bleibt.",new,
R107,Services,items.3.title,IT support & outsourced IT department,Mbështetje IT & departament i jashtëm IT,new,,reused,
R108,Services,items.3.text,"Business IT support in Prishtina and Kosovo: networks, devices, email, servers, users and access, with maintenance, backups and documentation.",,reused,"IT-Support für Unternehmen in Prishtina und im Kosovo: Netzwerke, Geräte, E-Mail, Server, Benutzer und Zugriffe, mit Wartung, Backups und Dokumentation.",new,
R109,Services,items.3.bullets.1,Proactive monitoring and preventive intervention,Monitorim dhe ndërhyrje parandaluese,new,,reused,
R110,Services,items.3.bullets.3,A standardised work environment and technical documentation,,reused,Standardisierte Arbeitsumgebung und technische Dokumentation,new,
R111,Services,items.3.result,fewer interruptions and more stable operations.,më pak ndërprerje dhe operim më i qëndrueshëm.,new,weniger Unterbrechungen und stabilerer Betrieb.,new,
R112,Services,items.3.link.0,See the monthly support packages,Shiko paketat mujore të mbështetjes,new,Monatliche Support-Pakete ansehen,new,
R113,Services,items.4.bullets.1,Protection against malicious software and email-based attacks,,reused,Schutz vor Schadsoftware und E-Mail-basierten Angriffen,new,
R114,Services,items.7.bullets.0,Campaign management on the platforms that matter,,reused,"Kampagnenmanagement auf den Plattformen, die zählen",new,
R115,Services,items.7.bullets.1,"Messaging, landing pages and contact structure built for conversion",,reused,"Botschaften, Landingpages und Kontaktstruktur für Conversion",new,
R116,Services,items.7.result,disciplined communication and decisions based on performance.,,reused,disziplinierte Kommunikation und Entscheidungen auf Basis von Performance.,new,
R117,Services,list.h2,"Clear services, without the technical noise.","Shërbime të qarta, pa zhurmë teknike.",new,,reused,
R118,Services,resultLabel,Result:,Rezultati:,new,,reused,
R119,Services,support.h2,Support with clear priorities and documentation.,Mbështetje me prioritete të qarta dhe dokumentim.,new,Support mit klaren Prioritäten und Dokumentation.,new,
R120,Services,support.items.0.text,Fast response when work stops.,Reagim i shpejtë kur puna ndalon.,new,,reused,
R121,Services,support.items.1.text,"Maintenance, updates, backups and audits.",,reused,"Wartung, Updates, Backups und Audits.",new,
R122,Services,support.items.2.text,Improvements that make the business more stable and the team more capable.,Përmirësime që e bëjnë biznesin më të qëndrueshëm dhe ekipin më të aftë.,new,"Verbesserungen, die das Unternehmen stabiler und das Team leistungsfähiger machen.",new,
R123,Services,support.techTitle,"We choose tools by need, not by trend.","Mjeti zgjidhet sipas punës, jo sipas trendit.",new,,reused,
R124,Services,support.techText,"Technology should be fast, secure, maintainable and ready to grow. That is why we choose the tool that best serves the work.","Teknologjia duhet të jetë e shpejtë, e sigurt, e mirëmbajtshme dhe gati për rritje. Prandaj zgjedhim mjetin që i shërben më mirë punës.",new,,reused,
R125,Services,process.h2,"Understand, plan, build, support.","Kuptojmë, planifikojmë, zbatojmë, mbështesim.",new,"Verstehen, planen, umsetzen, betreuen.",new,
R126,Services,process.steps.0.text,"First we understand the current state, the risks and the priorities.","Së pari kuptojmë gjendjen aktuale, rreziqet dhe prioritetet.",new,,reused,
R127,Services,process.steps.1.title,Solution design,Dizajn i zgjidhjes,new,,reused,
R128,Services,process.steps.1.text,"Then we define the solution, the roles and the work steps.","Pastaj përcaktojmë zgjidhjen, rolet dhe hapat e punës.",new,,reused,
R129,Services,process.steps.2.text,"We implement with testing, documentation and a clear handover.","Zbatojmë me testim, dokumentim dhe dorëzim të qartë.",new,,reused,
R130,Services,process.steps.3.text,"We stay involved with monitoring, updates and support.","Mbetemi pranë ekipit me monitorim, përditësime dhe suport.",new,,reused,
R131,Services,why.eyebrow,Why IT Department,Pse IT Department,new,,reused,
R132,Services,why.items.0,"We start with the real need, not with a list of technologies",,reused,"Wir starten mit dem echten Bedarf, nicht mit einer Technologieliste",new,
R133,Services,why.items.3,"Clear reporting and full control over systems, access and data",,reused,"Klares Reporting und volle Kontrolle über Systeme, Zugriffe und Daten",new,
R134,Services,cta.h2,Tell us what you need and we'll turn it into a clear plan.,Na trego çfarë të duhet dhe ne e kthejmë në plan të qartë.,new,,reused,
R135,Services,cta.text,"Send your request or book a call. We reply with the first steps: what has priority, what needs clarifying and how we start.","Dërgo kërkesën ose cakto një bisedë. Ne të kthehemi me hapat e parë: çfarë ka prioritet, çfarë duhet sqaruar dhe si fillojmë.",new,"Senden Sie Ihre Anfrage oder buchen Sie ein Gespräch. Wir melden uns mit den ersten Schritten: was Priorität hat, was zu klären ist und wie wir starten.",new,
R136,Web & software,title,"Websites & Software in Prishtina, Kosovo | IT Department",Faqe interneti & softuer në Prishtinë | IT Department,new,"Websites & Software aus Prishtina, Kosovo | IT Department",new,
R137,Web & software,desc,"Websites, business systems and apps for companies in Kosovo: what we build, who it is for, how the work runs and how to book a 30-minute call.","Faqe web, sisteme biznesi dhe aplikacione në Kosovë: çfarë ndërtojmë, për kë, si punojmë dhe si të caktosh një bisedë 30-minutëshe me ne.",new,"Websites, Geschäftssysteme und Apps aus Prishtina: was wir bauen, für wen, wie die Arbeit abläuft und wie Sie ein 30-Minuten-Gespräch buchen.",new,
R138,Web & software,crumb,Websites & software,Faqe interneti & softuer,new,Websites & Software,new,
R139,Web & software,eyebrow,Websites & software,Faqe interneti & softuer,new,Websites & Software,new,
R140,Web & software,h1,Websites and software built around how you work.,Faqe web dhe softuer të ndërtuara sipas mënyrës si punon.,new,"Websites und Software, die zu Ihrer Arbeitsweise passen.",new,
R141,Web & software,lead,"We build business websites, management systems and applications around your offer and your process, from the first plan to maintenance.","Ndërtojmë faqe web, sisteme administrimi dhe aplikacione të përshtatura me ofertën dhe proceset e tua, nga plani i parë deri te mirëmbajtja.",new,"Wir entwickeln Unternehmenswebsites, Verwaltungssysteme und Applikationen passend zu Ihrem Angebot und Ihren Abläufen, von der ersten Planung bis zur Wartung.",new,
R142,Web & software,forH2,Who it is for,Për kë është,new,Für wen das passt,new,
R143,Web & software,forItems.0,Businesses that need a website that explains the offer and makes contact easy.,Biznese që duan një faqe që e shpjegon qartë ofertën dhe e lehtëson kontaktin.,new,"Unternehmen, deren Website ihr Angebot klar erklären und den Kontakt erleichtern soll.",new,
R144,Web & software,forItems.1,"Teams using Excel, chat apps and email as the company system.","Ekipe që përdorin Excel, Viber dhe email si sistem pune.",new,"Teams, die Excel, Chat-Apps und E-Mail als Unternehmenssystem nutzen.",new,
R145,Web & software,forItems.2,Companies with an existing system that needs improving or connecting.,Kompani me një sistem ekzistues që duhet përmirësuar ose lidhur me mjetet e tjera.,new,"Firmen mit einem bestehenden System, das verbessert oder mit anderen Tools verbunden werden soll.",new,
R146,Web & software,forItems.3,"Teams that want to work in Albanian, English or German, remotely, on site or a mix.","Ekipe që duan të punojnë në shqip, anglisht ose gjermanisht, në distancë, në terren ose me kombinim.",new,"Teams, die auf Deutsch, Englisch oder Albanisch arbeiten möchten, remote, vor Ort oder gemischt.",new,
R147,Web & software,what.0.text,"Company profiles, service pages and landing pages, built for mobile and desktop.","Prezantim kompanie, faqe shërbimesh dhe landing pages, për telefon dhe desktop.",new,"Firmenprofile, Leistungsseiten und Landingpages, optimiert für Mobilgeräte und Desktop.",new,
R148,Web & software,what.0.bullets.0,Services explained in plain words,,reused,Leistungen in klaren Worten,new,
R149,Web & software,what.0.bullets.1,Visible contact routes: forms and WhatsApp,Mënyra kontakti të dukshme: formularë dhe WhatsApp,new,Sichtbare Kontaktwege: Formulare und WhatsApp,new,
R150,Web & software,what.0.bullets.2,Fast pages with technical SEO,Faqe të shpejta me SEO teknik,new,Schnelle Seiten mit technischem SEO,new,
R151,Web & software,what.0.bullets.3,"Integrations with CRM, payments or APIs when needed","Integrime me CRM, pagesa ose API kur duhen",new,"Bei Bedarf Anbindung an CRM, Zahlungsanbieter oder APIs",new,
R152,Web & software,what.1.title,Business systems & software,Sisteme biznesi & softuer,new,Geschäftssysteme & Software,new,
R153,Web & software,what.1.text,"Systems for clients, orders, bookings, inventory and reporting, built around your real process.","Sisteme për klientë, porosi, rezervime, stok dhe raporte, sipas procesit real të kompanisë.",new,"Systeme für Kunden, Aufträge, Buchungen, Lager und Reporting, ausgerichtet an Ihren tatsächlichen Abläufen.",new,
R154,Web & software,what.1.bullets.0,Admin panel with clear roles and permissions,Panel administrimi me role dhe leje të qarta,new,Admin-Panel mit klaren Rollen und Berechtigungen,new,
R155,Web & software,what.1.bullets.1,"Automated approvals, notifications and reminders",,reused,"Automatisierte Freigaben, Benachrichtigungen und Erinnerungen",new,
R156,Web & software,what.1.bullets.2,Integrations with your existing systems,,reused,Integrationen mit Ihren bestehenden Systemen,new,
R157,Web & software,what.2.text,Mobile and web apps that staff or clients can use without unnecessary complexity.,"Aplikacione mobile dhe web që stafi ose klientët i përdorin lehtë, pa kompleksitet të panevojshëm.",new,"Mobile Apps und Web-Apps, die Mitarbeitende oder Kunden einfach nutzen können, ohne unnötige Komplexität.",new,
R158,Web & software,what.2.bullets.0,"For orders, bookings, staff or field work","Për porosi, rezervime, stafin ose punën në terren",new,"Für Bestellungen, Buchungen, Personal oder Außendienst",new,
R159,Web & software,what.2.bullets.1,"Web, Windows, Android and iOS","Web, Windows, Android dhe iOS",new,"Web, Windows, Android und iOS",new,
R160,Web & software,what.2.bullets.2,Planned maintenance and controlled updates,Mirëmbajtje e planifikuar dhe përditësime të kontrolluara,new,,reused,
R161,Web & software,how.0.text,A 30-minute online call about how you work today and what gets in the way.,Një bisedë 30-minutëshe online: si punon sot dhe çfarë të pengon.,new,"Ein 30-minütiges Online-Gespräch darüber, wie Sie heute arbeiten und was Sie bremst.",new,
R162,Web & software,how.1.title,Plan,,reused,Planen,new,
R163,Web & software,how.1.text,"We agree what comes first, what can wait and what it will cost. We can start with one part and expand step by step.","Vendosim bashkë çfarë bëhet së pari, çfarë mund të presë dhe sa kushton. Mund të fillojmë me një pjesë dhe ta zgjerojmë punën hap pas hapi.",new,"Wir legen gemeinsam fest, was zuerst kommt, was warten kann und was es kostet. Wir können mit einem Teil starten und Schritt für Schritt erweitern.",new,
R164,Web & software,how.2.title,Build,,reused,Umsetzen,new,
R165,Web & software,how.2.text,"In controlled steps, with testing, documentation and a clear handover.","Me hapa të kontrolluar, me testim, dokumentim dhe dorëzim të qartë.",new,"In kontrollierten Schritten, mit Tests, Dokumentation und klarer Übergabe.",new,
R166,Web & software,how.3.title,Support,Mbështesim,new,,reused,
R167,Web & software,how.3.text,"After delivery we can continue with updates, monitoring and support.","Pas dorëzimit mund të vazhdojmë me përditësime, monitorim dhe suport.",new,"Nach der Übergabe übernehmen wir auf Wunsch Updates, Monitoring und Support.",new,
R168,Web & software,example.eyebrow,Illustrative example,Shembull ilustrues,new,Illustratives Beispiel,new,
R169,Web & software,example.text,A professional services team needed less manual work and one clear way to report.,Një ekip në fushën e shërbimeve profesionale kishte nevojë për më pak punë manuale dhe për një mënyrë të vetme raportimi.,new,Ein Team aus der Beratungs- und Dienstleistungsbranche brauchte weniger manuelle Arbeit und einen klaren Reporting-Prozess.,new,
R170,Web & software,example.bullets.1,Automatic notifications and escalation,Njoftime dhe eskalime automatike,new,,reused,
R171,Web & software,example.note,"Illustrative example from our projects page, described without naming the client and without result figures. Ask us for the case closest to your sector.","Shembull ilustrues nga faqja e projekteve, i përshkruar pa emrin e klientit dhe pa shifra rezultati. Na pyet për rastin më të afërt me sektorin tënd.",new,"Illustratives Beispiel von unserer Projektseite, ohne Nennung des Kunden und ohne Ergebniszahlen. Fragen Sie uns nach dem Projekt, das Ihrer Branche am nächsten kommt.",new,
R172,Web & software,cta.h2,Tell us what you want to build.,Na trego çfarë dëshiron të ndërtosh.,new,"Sagen Sie uns, was Sie umsetzen möchten.",new,
R173,Web & software,cta.text,Book a 30-minute online call or send us a message. We reply with the first steps: what has priority and how we start.,Cakto një bisedë 30-minutëshe online ose na shkruaj. Ne të kthehemi me hapat e parë: çfarë ka prioritet dhe si fillojmë.,new,Buchen Sie ein 30-minütiges Online-Gespräch oder schreiben Sie uns. Wir melden uns mit den ersten Schritten: was Priorität hat und wie wir starten.,new,
R174,AI Agents,hero.h1,AI agents that take repetitive work off your team.,AI agents që ia heqin ekipit punët e përsëritura.,new,"AI Agents, die Ihrem Team wiederkehrende Arbeit abnehmen.",new,
R175,AI Agents,hero.lead,"We start with an audit of your processes, find where time is lost, and build agents that reply, organise, report and follow up. With clear rules, and human approval where it matters.","Fillojmë me një auditim të proceseve, gjejmë ku humbet koha dhe ndërtojmë agjentë që përgjigjen, organizojnë, raportojnë dhe ndjekin punët. Me rregulla të qarta dhe aprovim njerëzor aty ku ka rëndësi.",new,"Wir starten mit einem Audit Ihrer Prozesse, finden, wo Zeit verloren geht, und bauen Agenten, die antworten, organisieren, berichten und nachfassen. Mit klaren Regeln und menschlicher Freigabe, wo es darauf ankommt.",new,
R176,AI Agents,hero.cta1,Request an AI audit,Kërko auditim AI,new,,reused,
R177,AI Agents,hero.cta2,See the six agents,Shiko gjashtë agjentët,new,Die sechs Agenten ansehen,new,
R178,AI Agents,hero.wa,Hello! I would like to talk about AI agents for my company.,Përshëndetje! Dua të flas për AI agents për kompaninë time.,new,Hallo! Ich möchte über AI Agents für mein Unternehmen sprechen.,new,
R179,AI Agents,hero.mock.from,New enquiry · website form,Kërkesë e re · formulari i faqes,new,Neue Anfrage · Website-Formular,new,
R180,AI Agents,hero.mock.title,Draft reply,Draft përgjigjeje,new,Antwortentwurf,new,
R181,AI Agents,hero.mock.agent,Ari · Sales agent,Ari · Agjent shitjesh,new,Ari · Sales Agent,new,
R182,AI Agents,hero.mock.approve,Approve,Aprovo,new,Freigeben,new,
R183,AI Agents,hero.mock.edit,Edit,,reused,Bearbeiten,new,
R184,AI Agents,hero.mock.status,Waiting for approval,Në pritje të aprovimit,new,Wartet auf Freigabe,new,
R185,AI Agents,principle.eyebrow,How it works,Si funksionon,new,So funktioniert es,new,
R186,AI Agents,principle.h2,Connect the tools. Automate the routine. Keep control.,Lidhim mjetet. Automatizojmë rutinën. Ruajmë kontrollin.,new,Tools verbinden. Routine automatisieren. Kontrolle behalten.,new,
R187,AI Agents,principle.items.0.title,Connect tools,Lidhim mjetet,new,,reused,
R188,AI Agents,principle.items.1.title,Automate work,Automatizojmë punën,new,,reused,
R189,AI Agents,principle.items.2.text,"Approvals, roles, logs, clear limits and people in sensitive decisions.","Aprovime, role, log-e, kufij të qartë dhe njeriu në vendimet e ndjeshme.",new,,reused,
R190,AI Agents,agents.eyebrow,Six business agents,Gjashtë agjentë për biznes,new,Sechs Agenten für Unternehmen,new,
R191,AI Agents,agents.h2,Each agent has one clear job.,Çdo agjent ka një punë të qartë.,new,Jeder Agent hat eine klare Aufgabe.,new,
R192,AI Agents,agents.lead,We connect it to your real process and let it work within rules.,E lidhim me procesin tënd real dhe e lëmë të punojë brenda rregullave.,new,Wir verbinden ihn mit Ihrem echten Prozess und lassen ihn nach Regeln arbeiten.,new,
R193,AI Agents,agents.taskLabel,What it does,Çfarë bën,new,Was er tut,new,
R194,AI Agents,agents.benefitLabel,Benefit,Përfitimi,new,,reused,
R195,AI Agents,agents.items.0.text,"Talks to new leads, collects details and makes sure interest is not lost.","Përgjigjet në interesime, mbledh detaje dhe sigurohet që interesi të mos humbë.",new,,reused,
R196,AI Agents,agents.items.0.tasks.1,Sends first replies,Dërgon përgjigjet e para,new,,reused,
R197,AI Agents,agents.items.0.benefit,Fewer lost leads,Më pak interesime të humbura,new,,reused,
R198,AI Agents,agents.items.1.text,"Reads sheets, CRM and documents and turns them into answers people understand fast.","Lexon tabela, CRM dhe dokumente dhe i kthen në përgjigje që kuptohen shpejt.",new,,reused,
R199,AI Agents,agents.items.1.benefit,Clearer decisions,Vendime më të qarta,new,,reused,
R200,AI Agents,agents.items.2.text,Answers common questions and prepares the cases your team needs to handle.,Përgjigjet në pyetjet e zakonshme dhe përgatit rastet që ekipi duhet t'i trajtojë.,new,,reused,
R201,AI Agents,agents.items.2.benefit,Less support load,Më pak ngarkesë në suport,new,,reused,
R202,AI Agents,agents.items.3.text,"Tracks tasks, deadlines and approvals so work does not stay buried in messages.","Ndjek detyra, afate dhe aprovime, që puna të mos mbetet e humbur nëpër mesazhe.",new,,reused,
R203,AI Agents,agents.items.4.role,Knowledge,Njohuri,new,,reused,
R204,AI Agents,agents.items.4.text,"The internal helper for rules, procedures, documents and company knowledge.","Ndihmësi i brendshëm për rregulla, procedura, dokumente dhe njohuritë e kompanisë.",new,,reused,
R205,AI Agents,agents.items.4.benefit,Fast answers for the team,Përgjigje të shpejta për ekipin,new,,reused,
R206,AI Agents,agents.items.5.text,"Collects numbers, payments and project status into readable management reports.","Mbledh shifra, pagesa dhe status projektesh në raporte të lexueshme për menaxhmentin.",new,,reused,
R207,AI Agents,agents.items.5.tasks.1,Delay alerts,Alarme për vonesa,new,,reused,
R208,AI Agents,agents.items.5.tasks.2,Management view,Pamje për menaxhmentin,new,,reused,
R209,AI Agents,agents.items.5.benefit,Better control over numbers,Më shumë kontroll mbi numrat,new,,reused,
R210,AI Agents,process.h2,We don't add AI blindly. We start where it creates value.,Nuk shtojmë AI verbërisht. Fillojmë aty ku krijon vlerë.,new,,reused,
R211,AI Agents,process.steps.0.text,"We review manual work, delays, tools and the data used every day.",,reused,"Wir prüfen manuelle Arbeit, Verzögerungen, Tools und die Daten im Alltag.",new,
R212,AI Agents,process.steps.1.text,"We separate what can be automated, what needs approval and what should stay with people.",,reused,"Wir unterscheiden, was automatisiert werden kann, was eine Freigabe braucht und was bei Menschen bleibt.",new,
R213,AI Agents,process.steps.3.text,"We connect it to existing tools, set the rules and train the team to use it.","E lidhim me mjetet ekzistuese, vendosim rregulla dhe trajnojmë ekipin ta përdorë.",new,,reused,
R214,AI Agents,process.steps.4.text,"We keep logs, review errors, improve prompts and add functions gradually.","Mbajmë log-e, shohim gabimet, përmirësojmë prompt-et dhe shtojmë funksione gradualisht.",new,,reused,
R215,AI Agents,rules.h2,"AI with boundaries, not guesswork.","AI me kufij, jo me hamendje.",new,,reused,
R216,AI Agents,rules.text,"For companies, AI must be useful and controlled. We build roles, approvals, action history and clear data boundaries.","Për kompanitë, AI duhet të jetë i dobishëm dhe i kontrolluar. Ndërtojmë role, aprovime, historik veprimesh dhe kufij të qartë për të dhënat.",new,,reused,
R217,AI Agents,rules.items.3,Rules for which data can be read,,reused,"Regeln, welche Daten gelesen werden dürfen",new,
R218,AI Agents,fits.h2,"If work repeats, can be measured and follows rules, an agent can help.","Nëse puna përsëritet, matet dhe ka rregulla, një agjent mund të ndihmojë.",new,"Wenn Arbeit sich wiederholt, messbar ist und Regeln folgt, kann ein Agent helfen.",new,
R219,AI Agents,brief.eyebrow,AI audit request,Kërkesë për auditim AI,new,,reused,
R220,AI Agents,brief.h2,Tell us where time is being lost.,Na trego ku po humbet koha.,new,,reused,
R221,AI Agents,brief.text,"Describe the process, the tools you use and what you'd like to automate. We reply with the best first use case for a pilot.","Përshkruaj procesin, mjetet që përdor dhe çfarë do të automatizosh. Ne të kthehemi me rastin më të mirë për një pilot.",new,"Beschreiben Sie den Prozess, die genutzten Tools und was automatisiert werden soll. Wir melden uns mit dem besten ersten Anwendungsfall für ein Pilotprojekt.",new,
R222,AI Agents,brief.agentLabel,Which agent fits best?,Cili agjent përshtatet më mirë?,new,Welcher Agent passt am besten?,new,
R223,AI Agents,brief.options.6,Not sure yet,Ende nuk e di,new,Noch nicht sicher,new,
R224,AI Agents,brief.messageLabel,What would you like to automate?,Çfarë do të automatizosh?,new,,reused,
R225,AI Agents,brief.messagePh,"For example: WhatsApp enquiries, weekly reports, customer questions or repeated tasks.","P.sh. kërkesat në WhatsApp, raportet javore, pyetjet e klientëve ose detyrat që përsëriten.",new,"Zum Beispiel: WhatsApp-Anfragen, Wochenberichte, Kundenfragen oder wiederkehrende Aufgaben.",new,
R226,AI Agents,brief.asideTitle,Prefer to talk?,Preferon të flasim?,new,Lieber sprechen?,new,
R227,AI Agents,brief.asideText,Write to us on WhatsApp and we'll look together at which tasks can be helped with AI.,,reused,"Schreiben Sie uns auf WhatsApp und wir schauen gemeinsam, welche Aufgaben sich mit AI erleichtern lassen.",new,
R228,Projects,hero.h1,Work examples that show the result.,Shembuj pune që tregojnë rezultatin.,new,,reused,
R229,Projects,hero.lead,What we build and why it matters. These examples describe the work without naming the client. Ask us for the case closest to your sector.,Çfarë ndërtojmë dhe pse ka rëndësi. Këta shembuj e përshkruajnë punën pa emrin e klientit. Na pyet për rastin më të afërt me sektorin tënd.,new,"Was wir bauen und warum es wichtig ist. Diese Beispiele beschreiben die Arbeit ohne Nennung des Kunden. Fragen Sie uns nach dem Projekt, das Ihrer Branche am nächsten kommt.",new,
R230,Projects,hero.cta,Discuss a project,Diskuto një projekt,new,,reused,
R231,Projects,cases.h2,How a business problem becomes a system that works.,,reused,"Wie aus einem Geschäftsproblem ein System wird, das funktioniert.",new,
R232,Projects,cases.items.0.sector,Retail / operations,Retail / operacione,new,,reused,
R233,Projects,cases.items.2.text,"The main need was more controlled access, standardised devices and less risk in daily work.","Nevoja kryesore ishte qasje më e kontrolluar, pajisje më të standardizuara dhe më pak rrezik në punën e përditshme.",new,,reused,
R234,Projects,cases.items.2.bullets.3,Controlled onboarding and offboarding,,reused,Kontrolliertes Onboarding und Offboarding,new,
R235,Projects,cases.items.3.text,"Technical structure combined with creative execution, so communication looks as serious as the system behind it.","Strukturë teknike e kombinuar me ekzekutim kreativ, që komunikimi të duket po aq serioz sa sistemi pas tij.",new,"Technische Struktur kombiniert mit kreativer Umsetzung, damit die Kommunikation so seriös wirkt wie das System dahinter.",new,
R236,Projects,stats.0.label,Projects delivered,Projekte të dorëzuara,new,Umgesetzte Projekte,new,
R237,Projects,stats.0.text,"Websites, systems, security and automation.","Faqe, sisteme, siguri dhe automatizim.",new,"Websites, Systeme, Sicherheit und Automatisierung.",new,
R238,Projects,stats.1.label,Active clients,Klientë aktivë,new,,reused,
R239,Projects,stats.1.text,Businesses across Kosovo and the region.,Biznese në Kosovë dhe rajon.,new,Unternehmen im Kosovo und in der Region.,new,
R240,Projects,stats.2.label,Sectors,,reused,Branchen,new,
R241,Projects,stats.3.text,"Web, cloud, networking, payments and security.","Web, cloud, rrjete, pagesa dhe siguri.",new,"Web, Cloud, Netzwerke, Zahlungen und Sicherheit.",new,
R242,Projects,types.eyebrow,What we can build,Çfarë mund të ndërtojmë,new,Was wir bauen können,new,
R243,Projects,types.h2,Not just pages. Tools that keep the business moving.,Jo vetëm faqe. Mjete që e mbajnë biznesin në lëvizje.,new,"Nicht nur Seiten. Tools, die das Unternehmen in Bewegung halten.",new,
R244,Projects,types.lead,"From an online shop to team, order, stock and reporting management, a project can start small and grow into a full system.","Nga dyqani online te menaxhimi i ekipit, porosive, stokut dhe raportimit, projekti mund të fillojë i vogël dhe të zgjerohet në sistem të plotë.",new,"Vom Onlineshop bis zum Team-, Auftrags-, Lager- und Reporting-Management: Ein Projekt kann klein starten und zu einem vollständigen System wachsen.",new,
R245,Projects,types.items.1.title,Booking system,Sistem rezervimesh,new,,reused,
R246,Projects,types.items.4.text,"Stock, movement, alerts and warehouse control.","Stok, hyrje-dalje, paralajmërime dhe kontroll magazine.",new,,reused,
R247,Projects,types.items.5.title,API integrations,Integrime API,new,,reused,
R248,Projects,types.items.6.title,AI assistant,Asistent AI,new,,reused,
R249,Projects,types.items.7.title,Admin portal,Portal administrimi,new,,reused,
R250,Projects,platforms.label,We build for,Ndërtojmë për,new,Wir bauen für,new,
R251,Projects,platforms.items.1.1,Web apps,,reused,Web-Apps,new,
R252,Projects,platforms.items.2.1,Windows apps,Aplikacione Windows,new,Windows-Apps,new,
R253,Projects,platforms.items.3.1,Android apps,Aplikacione Android,new,Android-Apps,new,
R254,Projects,platforms.items.4.1,iOS apps,Aplikacione iOS,new,iOS-Apps,new,
R255,Projects,platforms.items.5.1,Dashboards & AI,,reused,Dashboards & KI,new,
R256,Projects,beforeAfter.items.0.after,"Clear structure, visible calls to action and a more serious presence.","Strukturë e qartë, thirrje të dukshme për veprim dhe prezencë më serioze.",new,"Klare Struktur, sichtbare Handlungsaufforderungen und ein seriöserer Auftritt.",new,
R257,Projects,beforeAfter.items.1.after,"One panel with roles, notifications and a single reporting view for the team.","Një panel me role, njoftime dhe një pamje raportimi për ekipin.",new,"Ein Panel mit Rollen, Benachrichtigungen und einer Reporting-Ansicht für das Team.",new,
R258,Projects,beforeAfter.items.2.kicker,IT operations,Operacione IT,new,IT-Betrieb,new,
R259,Projects,beforeAfter.items.2.after,"Monitoring, backup, documentation and controlled access.","Monitorim, backup, dokumentim dhe qasje e kontrolluar.",new,"Monitoring, Backup, Dokumentation und kontrollierter Zugriff.",new,
R260,Projects,cta.h2,Need something similar?,Të duhet diçka e ngjashme?,new,Brauchen Sie etwas Ähnliches?,new,
R261,Projects,cta.text,We can look at it together and turn it into a plan.,,reused,Wir schauen es uns gemeinsam an und machen daraus einen Plan.,new,
R262,ITD Labs,title,"ITD Labs: Kraken OS, Kraken Communications and AURA | IT Department","ITD Labs: Kraken OS, Kraken Communications dhe AURA | IT Department",new,"ITD Labs: Kraken OS, Kraken Communications und AURA | IT Department",new,
R263,ITD Labs,desc,"Products by IT Department: Kraken OS for clients, work and finance, Kraken Communications for customer conversations, and AURA, a private voice assistant.","Produktet e IT Department: Kraken OS për klientët, punën dhe financat, Kraken Communications për bisedat me klientët, si dhe AURA, asistent privat me zë.",new,"Produkte von IT Department: Kraken OS für Kunden, Arbeit und Finanzen, Kraken Communications für Kundengespräche sowie der private Sprachassistent AURA.",new,
R264,ITD Labs,crumb,ITD Labs,ITD Labs,new,ITD Labs,new,
R265,ITD Labs,hero.eyebrow,ITD Labs,ITD Labs,new,ITD Labs,new,
R266,ITD Labs,hero.h1,Ideas that become products.,Ide që bëhen produkte.,new,"Ideen, die zu Produkten werden.",new,
R267,ITD Labs,hero.lead,A home for the products and digital experiments developed inside IT Department.,Një hapësirë për produktet dhe eksperimentet digjitale të zhvilluara brenda IT Department.,new,"Ein Ort für die Produkte und digitalen Experimente, die bei IT Department entstehen.",new,
R268,ITD Labs,list.eyebrow,Products,Produktet,new,Produkte,new,
R269,ITD Labs,list.h2,Three products. One home.,Tri produkte. Një shtëpi.,new,Drei Produkte. Unter einem Dach.,new,
R270,ITD Labs,products.0.kicker,Modular platform,Platformë modulare,new,Modulare Plattform,new,
R271,ITD Labs,products.0.name,Kraken OS,Kraken OS,new,Kraken OS,new,
R272,ITD Labs,products.0.tagline,Many arms. One brain.,Many arms. One brain.,new,Many arms. One brain.,new,
R273,ITD Labs,products.0.text,"Clients, sales, projects, tasks, documents, finance and the team, connected in one shared workspace.","Klientët, shitjet, projektet, detyrat, dokumentet, financat dhe ekipi lidhen në një hapësirë të përbashkët.",new,"Kunden, Vertrieb, Projekte, Aufgaben, Dokumente, Finanzen und Team in einem gemeinsamen Arbeitsbereich.",new,
R274,ITD Labs,products.0.chips.2,Accounting,Kontabilitet,new,Buchhaltung,new,
R275,ITD Labs,products.0.chips.3,Workspace,Workspace,new,Workspace,new,
R276,ITD Labs,products.0.more,Explore Kraken OS,Shiko Kraken OS,new,Kraken OS ansehen,new,
R277,ITD Labs,products.1.kicker,Customer communication,Komunikim me klientët,new,Kundenkommunikation,new,
R278,ITD Labs,products.1.name,Kraken Communications,Kraken Communications,new,Kraken Communications,new,
R279,ITD Labs,products.1.tagline,"Customer communication, on one platform.","Komunikimi me klientët, në një platformë.",new,Kundenkommunikation auf einer Plattform.,new,
R280,ITD Labs,products.1.text,"Conversations from website chat, Instagram and Messenger arrive in one inbox, with AI and a handover to your team.","Bisedat nga Website chat, Instagram dhe Messenger mblidhen në një inbox, me AI dhe kalim te ekipi.",new,"Gespräche aus Website-Chat, Instagram und Messenger landen in einem Posteingang, mit KI und Übergabe an Ihr Team.",new,
R281,ITD Labs,products.1.more,Explore Kraken Communications,Shiko Kraken Communications,new,Kraken Communications ansehen,new,
R282,ITD Labs,products.2.kicker,Private voice assistant,Asistent privat me zë,new,Privater Sprachassistent,new,
R283,ITD Labs,products.2.name,AURA,AURA,new,AURA,new,
R284,ITD Labs,products.2.tagline,Say it. Consider it handled.,Say it. Consider it handled.,new,Say it. Consider it handled.,new,
R285,ITD Labs,products.2.text,"A private, voice-first personal assistant that learns how you work and turns requests into real tasks and meetings.",Mëson si punon dhe i kthen kërkesat e tua në detyra dhe takime konkrete.,new,"Ein privater, sprachgesteuerter Assistent, der lernt, wie Sie arbeiten, und Anfragen in echte Aufgaben und Termine verwandelt.",new,
R286,ITD Labs,products.2.chips.0,Voice-first,Voice-first,new,Voice-first,new,
R287,ITD Labs,products.2.preview,Preview,Pamje paraprake,new,,reused,
R288,ITD Labs,products.2.alt,"The AURA emblem: waves of pink, violet and blue light on a dark background","Emblema e AURA-s: valë drite në rozë, vjollcë dhe kaltër mbi sfond të errët",new,"Das AURA-Emblem: Lichtwellen in Rosa, Violett und Blau auf dunklem Hintergrund",new,
R289,ITD Labs,cta.h2,See the product with your own process.,Shihe produktin në procesin tënd.,new,Erleben Sie das Produkt mit Ihren eigenen Abläufen.,new,
R290,ITD Labs,cta.text,A demo built around your channel and the way your team works.,Një demonstrim me kanalin dhe procesin tënd të punës.,new,"Eine Demo, zugeschnitten auf Ihren Kanal und die Arbeitsweise Ihres Teams.",new,
R291,Kraken OS,title,"Kraken OS: CRM, projects and finance on one platform | IT Department","Kraken OS: CRM, projekte dhe financa në një platformë | IT Department",new,"Kraken OS: CRM, Projekte und Finanzen auf einer Plattform | IT Department",new,
R292,Kraken OS,desc,"Kraken OS by IT Department connects clients, sales, projects, tasks, documents, finance and your team on one modular platform. Request a demo.","Kraken OS nga IT Department bashkon klientët, shitjet, projektet, detyrat, dokumentet, financat dhe ekipin në një platformë modulare. Kërko një demonstrim.",new,"Kraken OS von IT Department verbindet Kunden, Vertrieb, Projekte, Aufgaben, Dokumente, Finanzen und Ihr Team auf einer modularen Plattform. Demo anfragen.",new,
R293,Kraken OS,crumb,Kraken OS,Kraken OS,new,Kraken OS,new,
R294,Kraken OS,hero.eyebrow,Modular platform,Platformë modulare,new,Modulare Plattform,new,
R295,Kraken OS,hero.h1,Kraken OS,Kraken OS,new,Kraken OS,new,
R296,Kraken OS,hero.tagline,Many arms. One brain.,Many arms. One brain.,new,Many arms. One brain.,new,
R297,Kraken OS,hero.lead,"One platform for your clients, your work and your decisions, built by IT Department.","Një platformë për klientët, punën dhe vendimet e tua, e krijuar nga IT Department.",new,"Eine Plattform für Ihre Kunden, Ihre Arbeit und Ihre Entscheidungen, entwickelt von IT Department.",new,
R298,Kraken OS,hero.alt,"The Kraken OS dashboard: sales, open offers, work, stock and forecast in one view","Paneli i Kraken OS: shitjet, ofertat e hapura, punët, stoku dhe parashikimi në një pamje",new,"Das Kraken-OS-Dashboard: Umsatz, offene Angebote, Aufgaben, Lagerbestand und Prognose auf einen Blick",new,
R299,Kraken OS,about.eyebrow,What it is,Çfarë është,new,Überblick,new,
R300,Kraken OS,about.h2,Your whole business in one shared workspace.,"Gjithë biznesi, në një hapësirë të përbashkët.",new,Ihr ganzes Unternehmen in einem gemeinsamen Arbeitsbereich.,new,
R301,Kraken OS,about.paragraphs.0,"Kraken OS is a modular platform for running a business. It brings client relationships, sales, projects, tasks, documents, finance, the team and resources together in one place.","Kraken OS është platformë modulare për organizimin e biznesit. Bashkon marrëdhëniet me klientët, shitjet, projektet, detyrat, dokumentet, financat, ekipin dhe burimet në një vend.",new,"Kraken OS ist eine modulare Plattform, mit der Sie Ihr Unternehmen organisieren. Sie bringt Kundenbeziehungen, Vertrieb, Projekte, Aufgaben, Dokumente, Finanzen, Team und Ressourcen an einem Ort zusammen.",new,
R302,Kraken OS,about.paragraphs.1,"The client, the document, the person responsible and the next step stay in the same context. Teams work with the modules they need, while management keeps the overall view.","Klienti, dokumenti, përgjegjësi dhe veprimi i radhës lidhen brenda të njëjtit kontekst. Ekipet punojnë me modulet që u duhen, ndërsa menaxhmenti sheh pamjen e përgjithshme.",new,"Kunde, Dokument, verantwortliche Person und nächster Schritt bleiben im selben Kontext. Teams arbeiten mit den Modulen, die sie brauchen, und die Geschäftsleitung behält den Überblick.",new,
R303,Kraken OS,about.quote,A business can start with a few modules and expand its use as its needs grow.,Biznesi mund të fillojë me një grup modulesh dhe ta zgjerojë përdorimin sipas nevojës.,new,Ein Unternehmen kann mit einigen Modulen beginnen und die Nutzung nach Bedarf erweitern.,new,
R304,Kraken OS,layers.eyebrow,How it is organised,Si organizohet,new,Aufbau,new,
R305,Kraken OS,layers.h2,"Three layers, one platform.","Tri shtresa, një platformë.",new,"Drei Ebenen, eine Plattform.",new,
R306,Kraken OS,layers.items.0.title,Business modules,Modulet e biznesit,new,Geschäftsmodule,new,
R307,Kraken OS,layers.items.0.text,"Clients, sales, work, finance, people and resources.","Klientë, shitje, punë, financa, njerëz dhe burime.",new,"Kunden, Vertrieb, Arbeit, Finanzen, Personal und Ressourcen.",new,
R308,Kraken OS,layers.items.1.title,Shared functions,Funksionet e përbashkëta,new,Übergreifende Funktionen,new,
R309,Kraken OS,layers.items.1.text,"Documents, search, communication, notifications, reports and AURA.","Dokumente, kërkim, komunikim, njoftime, raporte dhe AURA.",new,"Dokumente, Suche, Kommunikation, Benachrichtigungen, Berichte und AURA.",new,
R310,Kraken OS,layers.items.2.title,Administration,,reused,Administration,new,
R311,Kraken OS,layers.items.2.text,"Users, roles, configuration, audit trail, privacy and operational continuity.","Përdorues, role, konfigurime, gjurmueshmëri, privatësi dhe vazhdimësi operative.",new,"Benutzer, Rollen, Konfiguration, Nachvollziehbarkeit, Datenschutz und Betriebskontinuität.",new,
R312,Kraken OS,modules.eyebrow,Modules,Modulet,new,Module,new,
R313,Kraken OS,modules.h2,Start with what you need.,Fillo me ato që të duhen.,new,"Beginnen Sie mit dem, was Sie brauchen.",new,
R314,Kraken OS,modules.lead,Some of the modules in the Kraken OS catalogue:,Disa nga modulet në katalogun e Kraken OS:,new,Einige Module aus dem Kraken-OS-Katalog:,new,
R315,Kraken OS,modules.items.1,Marketing & email,Marketing dhe email,new,Marketing & E-Mail,new,
R316,Kraken OS,modules.items.6,Internal communication,Komunikim i brendshëm,new,Interne Kommunikation,new,
R317,Kraken OS,modules.items.7,Invoices & payments,Fatura dhe pagesa,new,Rechnungen & Zahlungen,new,
R318,Kraken OS,modules.items.8,Accounting,Kontabilitet,new,Buchhaltung,new,
R319,Kraken OS,modules.items.9,Expenses,Shpenzime,new,Ausgaben,new,
R320,Kraken OS,modules.items.10,HR,Burime njerëzore,new,,reused,
R321,Kraken OS,modules.items.11,Approvals,Miratime,new,,reused,
R322,Kraken OS,modules.items.12,Service desk,Service desk,new,Service Desk,new,
R323,Kraken OS,modules.items.13,Stock & warehouse,Stok dhe magazinë,new,Lager & Bestand,new,
R324,Kraken OS,modules.items.14,Assets,Asete,new,Anlagenverwaltung,new,
R325,Kraken OS,modules.items.15,Files & reports,Skedarë dhe raporte,new,Dateien & Berichte,new,
R326,Kraken OS,modules.sectorLabel,Sector modules,Module sektoriale,new,Branchenmodule,new,
R327,Kraken OS,modules.sector.0,Hotels (PMS),Hoteleri (PMS),new,Hotellerie (PMS),new,
R328,Kraken OS,modules.sector.1,Clinic & laboratory,Klinikë dhe laborator,new,Klinik & Labor,new,
R329,Kraken OS,modules.sector.2,Hospitality POS,POS për gastronomi,new,Gastronomiekasse (POS),new,
R330,Kraken OS,modules.note,"Module availability depends on the configuration, permissions, integrations and scope of each implementation.","Disponueshmëria e moduleve përcaktohet nga konfigurimi, lejet, integrimet dhe fushëveprimi i zbatimit.",new,"Welche Module verfügbar sind, hängt von Konfiguration, Berechtigungen, Integrationen und Umfang der Einführung ab.",new,
R331,Kraken OS,flow.eyebrow,From client to report,Nga klienti te raporti,new,Vom Kunden zum Bericht,new,
R332,Kraken OS,flow.h2,How the modules connect.,Si lidhen modulet.,new,So greifen die Module ineinander.,new,
R333,Kraken OS,flow.items.1,Sales opportunity,Mundësi shitjeje,new,Verkaufschance,new,
R334,Kraken OS,flow.items.5,Invoice,Faturë,new,,reused,
R335,Kraken OS,flow.text,"The contact is created in the CRM, the offer is prepared and approved, the work is delivered as a project, the invoice is linked to the delivery, payments are recorded and the report is analysed with AURA.","Kontakti krijohet në CRM, oferta përgatitet dhe miratohet, puna realizohet si projekt, fatura lidhet me realizimin, pagesat regjistrohen dhe raporti analizohet me AURA.",new,"Der Kontakt wird im CRM angelegt, das Angebot wird erstellt und freigegeben, die Arbeit läuft als Projekt, die Rechnung ist mit der Leistung verknüpft, Zahlungen werden erfasst und der Bericht wird mit AURA ausgewertet.",new,
R336,Kraken OS,start.eyebrow,Implementation,,reused,Einführung,new,
R337,Kraken OS,start.h2,Eight steps to go live.,Tetë hapa deri në përdorim.,new,In acht Schritten zum Start.,new,
R338,Kraken OS,start.items.0,Defining the processes,Përcaktimi i proceseve,new,Prozesse festlegen,new,
R339,Kraken OS,start.items.1,Choosing the modules,Përzgjedhja e moduleve,new,Module auswählen,new,
R340,Kraken OS,start.items.2,Configuring roles,Konfigurimi i roleve,new,Rollen konfigurieren,new,
R341,Kraken OS,start.items.3,Importing data,Importimi i të dhënave,new,Daten importieren,new,
R342,Kraken OS,start.items.4,Configuring integrations,Konfigurimi i integrimeve,new,Integrationen einrichten,new,
R343,Kraken OS,start.items.5,Testing the workflows,Testimi i rrjedhave të punës,new,Abläufe testen,new,
R344,Kraken OS,start.items.6,Training users,Trajnimi i përdoruesve,new,Benutzer schulen,new,
R345,Kraken OS,start.items.7,Going live,Kalimi në përdorim,new,Live-Betrieb starten,new,
R346,Kraken OS,start.note,"Licence, configuration and AI services are set out in the offer.","Licenca, konfigurimi dhe shërbimet e AI-së përcaktohen në ofertë.",new,"Lizenz, Konfiguration und KI-Leistungen werden im Angebot festgelegt.",new,
R347,Kraken OS,cta.h2,Request a personalised demo.,Kërko një demonstrim të personalizuar.,new,Fordern Sie eine persönliche Demo an.,new,
R348,Kraken OS,cta.text,"Clients, work, documents and decisions, connected on one platform.","Klientët, puna, dokumentet dhe vendimet, të lidhura në një platformë.",new,"Kunden, Arbeit, Dokumente und Entscheidungen, vereint auf einer Plattform.",new,
R349,Kraken Communications,title,Kraken Communications: customer conversations in one inbox | IT Department,Kraken Communications: bisedat me klientët në një inbox | IT Department,new,Kraken Communications: Kundengespräche in einem Posteingang | IT Department,new,
R350,Kraken Communications,desc,"Kraken Communications brings website chat, Instagram and Messenger into one inbox, with AI, team handover, follow-ups and offers linked to the conversation.","Kraken Communications mbledh bisedat nga Website chat, Instagram dhe Messenger në një inbox, me AI, kalim te ekipi, ndjekje dhe oferta të lidhura me bisedën.",new,"Kraken Communications bündelt Website-Chat, Instagram und Messenger in einem Posteingang, mit KI, Übergabe ans Team, Nachverfolgung und verknüpften Angeboten.",new,
R351,Kraken Communications,crumb,Kraken Communications,Kraken Communications,new,Kraken Communications,new,
R352,Kraken Communications,hero.eyebrow,Customer communication,Komunikim me klientët,new,Kundenkommunikation,new,
R353,Kraken Communications,hero.h1,Kraken Communications,Kraken Communications,new,Kraken Communications,new,
R354,Kraken Communications,hero.tagline,"Customer communication, on one platform.","Komunikimi me klientët, në një platformë.",new,Kundenkommunikation auf einer Plattform.,new,
R355,Kraken Communications,hero.lead,"Conversations from website chat, Instagram and Messenger arrive in one inbox, with AI and a handover to your team.","Bisedat nga Website chat, Instagram dhe Messenger mblidhen në një inbox, me AI dhe kalim te ekipi.",new,"Gespräche aus Website-Chat, Instagram und Messenger landen in einem Posteingang, mit KI und Übergabe an Ihr Team.",new,
R356,Kraken Communications,hero.alt,The Kraken Communications overview: open and unassigned conversations and overdue requests at a glance,"Pamja e përgjithshme e Kraken Communications: bisedat e hapura dhe të pacaktuara, si dhe kërkesat me afat të kaluar",new,Die Übersicht von Kraken Communications: offene und nicht zugewiesene Gespräche sowie überfällige Anfragen auf einen Blick,new,
R357,Kraken Communications,features.eyebrow,How it works,Si funksionon,new,So funktioniert es,new,
R358,Kraken Communications,features.h2,From the first message to the offer.,Nga mesazhi i parë te oferta.,new,Von der ersten Nachricht bis zum Angebot.,new,
R359,Kraken Communications,features.items.0.title,Conversations in one inbox,"Bisedat, në një inbox",new,Gespräche in einem Posteingang,new,
R360,Kraken Communications,features.items.0.text,"The channel, the history and the client's details stay together.","Kanali, historiku dhe të dhënat e klientit qëndrojnë bashkë.",new,"Kanal, Verlauf und Kundendaten bleiben zusammen.",new,
R361,Kraken Communications,features.items.1.title,Your team steps in when needed,Ekipi merr kontrollin kur duhet,new,"Ihr Team übernimmt, wenn nötig",new,
R362,Kraken Communications,features.items.1.text,Taking over a conversation and internal notes sit right next to the messages.,Marrja përsipër e bisedës dhe shënimet e brendshme janë pranë mesazheve.,new,Gesprächsübernahme und interne Notizen stehen direkt neben den Nachrichten.,new,
R363,Kraken Communications,features.items.2.title,AI that knows your services and rules,AI njeh shërbimet dhe rregullat e tua,new,"KI, die Ihre Leistungen und Regeln kennt",new,
R364,Kraken Communications,features.items.2.text,Your team prepares and approves what the AI knows. Answers are tested privately before use.,Ekipi përgatit dhe miraton njohuritë e AI-së. Përgjigjet testohen privatisht para përdorimit.,new,Ihr Team bereitet das Wissen der KI vor und gibt es frei. Antworten werden vor dem Einsatz intern getestet.,new,
R365,Kraken Communications,features.items.3.title,Contacts and sales opportunities,Kontaktet dhe mundësitë për shitje,new,Kontakte und Verkaufschancen,new,
R366,Kraken Communications,features.items.3.text,"Search by client, channel and stage of the request.","Kërkim sipas klientit, kanalit dhe fazës së kërkesës.",new,"Suche nach Kunde, Kanal und Phase der Anfrage.",new,
R367,Kraken Communications,features.items.4.title,The offer is linked to the conversation,Oferta lidhet me bisedën,new,Das Angebot gehört zum Gespräch,new,
R368,Kraken Communications,features.items.4.text,"The client views the offer online, and you see what happens, from the first opening to acceptance.","Klienti e sheh ofertën online, ndërsa ti sheh çfarë ndodh, nga hapja e parë deri te pranimi.",new,"Der Kunde sieht das Angebot online, und Sie sehen, was passiert: vom ersten Öffnen bis zur Annahme.",new,
R369,Kraken Communications,features.items.5.title,Every follow-up has an owner,Çdo ndjekje ka një përgjegjës,new,Jede Nachverfolgung hat eine verantwortliche Person,new,
R370,Kraken Communications,features.items.5.text,Requests and approvals have a deadline and a visible status.,Kërkesat dhe miratimet kanë afat dhe status të dukshëm.,new,Anfragen und Freigaben haben eine Frist und einen sichtbaren Status.,new,
R371,Kraken Communications,included.eyebrow,What's included,Çfarë përfshihet,new,,reused,
R372,Kraken Communications,included.h2,"One package, clearly defined.","Një paketë, e përcaktuar qartë.",new,"Ein Paket, klar definiert.",new,
R373,Kraken Communications,included.items.0,Inbox and AI,Inbox dhe AI,new,Posteingang und KI,new,
R374,Kraken Communications,included.items.1,"Team, follow-ups and notifications","Ekipi, ndjekjet dhe njoftimet",new,"Team, Nachverfolgung und Benachrichtigungen",new,
R375,Kraken Communications,included.items.2,Link to offers in Kraken,Lidhja me ofertat në Kraken,new,Verknüpfung mit Angeboten in Kraken,new,
R376,Kraken Communications,included.items.3,Reporting and team activity,Raportimi dhe puna e ekipit,new,Berichte und Teamaktivität,new,
R377,Kraken Communications,included.channels.0,Website chat,Website chat,new,Website-Chat,new,
R378,Kraken Communications,included.channels.2,Messenger,Messenger,new,Messenger,new,
R379,Kraken Communications,live.eyebrow,Try it,Provoje,new,Ausprobieren,new,
R380,Kraken Communications,live.h2,The chat on this website runs on Kraken.,Chat-i në këtë faqe punon me Kraken.,new,Der Chat auf dieser Website läuft mit Kraken.,new,
R381,Kraken Communications,live.button,Open the chat,Hap chat-in,new,Chat öffnen,new,
R382,Kraken Communications,cta.h2,Kraken for your business.,Kraken për biznesin tënd.,new,Kraken für Ihr Unternehmen.,new,
R383,Kraken Communications,cta.text,A demo built around your channel and the way your team works.,Një demonstrim me kanalin dhe procesin tënd të punës.,new,"Eine Demo, zugeschnitten auf Ihren Kanal und die Arbeitsweise Ihres Teams.",new,
R384,Creative,hero.h1,Branding and marketing in Prishtina.,Branding dhe marketing në Prishtinë.,new,Branding und Marketing in Prishtina.,new,
R385,Creative,hero.cta2,See the work,Shiko punët,new,Arbeiten ansehen,new,
R386,Creative,hero.wa,"Hello, I am interested in creative and digital marketing services.","Përshëndetje, më interesojnë shërbimet kreative dhe marketingu digjital.",new,"Hallo, ich interessiere mich für Kreativleistungen und digitales Marketing.",new,
R387,Creative,services.h2,"We turn the brand into visuals, message and motion.","E kthejmë markën në pamje, mesazh dhe lëvizje.",new,,reused,
R388,Creative,services.lead,"Not just good-looking design. Structure, visual rhythm and content that make the business look more professional.","Jo vetëm dizajn i bukur. Strukturë, ritëm vizual dhe përmbajtje që e bëjnë biznesin të duket më profesional.",new,,reused,
R389,Creative,services.items.0.text,"Logo, colours, typography, usage rules and core materials for the brand.","Logo, ngjyra, tipografi, rregulla përdorimi dhe materialet bazë të markës.",new,,reused,
R390,Creative,services.items.1.text,"Posts, stories, reels, a publishing calendar and consistent visuals for social channels.","Postime, story, reels, kalendar publikimi dhe pamje konsistente për kanalet sociale.",new,,reused,
R391,Creative,services.items.2.text,"Short videos, motion graphics, intros, ads and animated presentation material.","Video të shkurtra, lëvizje grafike, intro, reklama dhe materiale të animuara për prezantim.",new,,reused,
R392,Creative,services.items.3.text,"Campaigns, ad messaging, landing pages and clear performance measurement.","Fushata, mesazhe reklamuese, landing pages dhe matje e qartë e performancës.",new,,reused,
R393,Creative,showcase.eyebrow,Portfolio & concepts,Portfolio & koncepte,new,Portfolio & Konzepte,new,
R394,Creative,showcase.h2,"Brandbooks built to live across web, print and social.",,reused,"Brandbooks, die in Web, Print und Social Media funktionieren.",new,
R395,Creative,showcase.open,View brandbook,Shiko brandbook-un,new,Brandbook ansehen,new,
R396,Creative,showcase.works.0.tags,Brandbook / UI kit / Applications,Brandbook / UI kit / Aplikime,new,,reused,
R397,Creative,showcase.works.1.tags,Concept / Campaign / Rollout,Koncept / Fushatë / Rollout,new,,reused,
R398,Creative,showcase.examples.0.title,Logo system,Sistem logoje,new,,reused,
R399,Creative,showcase.examples.2.title,Print & packaging,Print & paketim,new,,reused,
R400,Creative,showcase.examples.3.title,Web visuals,Pamje për web,new,,reused,
R401,Creative,process.h2,From idea to launch.,,reused,Von der Idee bis zum Launch.,new,
R402,Creative,brief.h2,Tell us what needs to look sharper.,,reused,"Sagen Sie uns, was professioneller wirken soll.",new,
R403,Creative,brief.text,"A short idea, brand need or campaign goal is enough. We reply with visual direction, next steps and an offer for the work.","Mjafton një ide e shkurtër, një nevojë e markës ose një qëllim fushate. Ne të kthehemi me drejtim vizual, hapat e radhës dhe ofertë për punën.",new,"Eine kurze Idee, ein Anliegen zur Marke oder ein Kampagnenziel reicht. Wir melden uns mit einer visuellen Richtung, den nächsten Schritten und einem Angebot.",new,
R404,Creative,brief.submit,Send creative brief,,reused,Kreativ-Briefing senden,new,
R405,Creative,brief.asideTitle,"Technology and brand, one direction.","Teknologji dhe markë, në një drejtim.",new,"Technologie und Marke, eine Richtung.",new,
R406,Creative,brief.asideText,"IT Department can connect the website, the system, the marketing and the visual presence so they all point the same way.","IT Department mund t'i lidhë faqen, sistemin, marketingun dhe prezencën vizuale, që të gjitha të shkojnë në të njëjtin drejtim.",new,"IT Department kann Website, System, Marketing und visuellen Auftritt so verbinden, dass alles in dieselbe Richtung zeigt.",new,
R407,About,hero.h1,A technology team that builds and looks after the systems businesses run on.,Ekip teknologjie që ndërton dhe mirëmban sistemet me të cilat punojnë bizneset.,new,"Ein Technologie-Team, das die Systeme baut und betreut, mit denen Unternehmen arbeiten.",new,
R408,About,hero.lead,"IT Department is based in Prishtina, Kosovo. We build and maintain websites, software, AI tools and IT infrastructure so that business systems are clear, usable and cared for.","IT Department ka bazën në Prishtinë, Kosovë. Ndërtojmë dhe mirëmbajmë faqe web, softuer, mjete AI dhe infrastrukturë IT, që sistemet e biznesit të jenë të qarta, të përdorshme dhe të mirëmbajtura.",new,"IT Department hat seinen Sitz in Prishtina, Kosovo. Wir entwickeln und betreuen Websites, Software, KI-Werkzeuge und IT-Infrastruktur, damit Geschäftssysteme klar, nutzbar und gepflegt sind.",new,
R409,About,story.0.title,"Web, IT and automation should work together.","Faqja web, IT-ja dhe automatizimi duhet të punojnë bashkë.",new,,reused,
R410,About,story.0.text,A business does not need disconnected solutions. It needs one partner who connects the pieces and keeps them clear.,Biznesi nuk ka nevojë për zgjidhje të shkëputura. I duhet një partner që i lidh pjesët dhe i mban të qarta.,new,,reused,
R411,About,story.1.title,"Less noise, more control.","Më pak zhurmë, më shumë kontroll.",new,,reused,
R412,About,story.1.text,"Less manual work, less confusion and more security in everyday operations.","Më pak punë manuale, më pak paqartësi dhe më shumë siguri në operimin e përditshëm.",new,,reused,
R413,About,values.items.1.title,Promises become work that functions.,Premtimet kthehen në punë që funksionon.,new,"Versprechen werden zu Arbeit, die funktioniert.",new,
R414,About,steps.h2,"Listen, build, improve.","Dëgjojmë, ndërtojmë, përmirësojmë.",new,"Zuhören, bauen, verbessern.",new,
R415,About,who.eyebrow,Who this is for,Për kë është,new,,reused,
R416,About,who.title,Teams that want more order.,Ekipe që duan më shumë rregull.,new,,reused,
R417,About,who.text,"Growing businesses, teams that need standards, companies that want stronger security and organisations that want a more serious presence.","Biznese në rritje, ekipe që kanë nevojë për standarde, kompani që duan siguri më të fortë dhe organizata që duan prezencë më serioze.",new,"Wachsende Unternehmen, Teams mit Bedarf an Standards, Firmen mit höheren Sicherheitsansprüchen und Organisationen, die seriöser auftreten wollen.",new,
R418,About,faq.items.1.a,"Both. We connect IT, automation, reporting, security and AI when that makes work easier.","Me të dyja. I lidhim IT-në, automatizimin, raportimin, sigurinë dhe AI-në kur kjo e bën punën më të lehtë.",new,"Beides. Wir verbinden IT, Automatisierung, Reporting, Sicherheit und KI, wenn dadurch die Arbeit leichter wird.",new,
R419,About,faq.items.2.a,"Usually with a short conversation, a look at the current situation and a clear proposal for the next steps.","Zakonisht me një bisedë të shkurtër, një vështrim mbi gjendjen aktuale dhe një propozim të qartë për hapat e radhës.",new,,reused,
R420,About,faq.items.3.a,"Yes. We can start with one problem, one package or one area, then expand step by step.","Po. Mund të fillojmë me një problem, një paketë ose një fushë të vetme dhe ta zgjerojmë punën hap pas hapi.",new,,reused,
R421,About,faq.items.9.a,"Yes. An initial audit helps us understand the real situation, the risks and the priorities before implementation.","Po. Një auditim fillestar na ndihmon të kuptojmë gjendjen reale, rreziqet dhe prioritetet para zbatimit.",new,,reused,
R422,About,faq.items.11.a,"We can continue with maintenance, monitoring, support and updates so the system stays stable.",,reused,"Wir können Wartung, Monitoring, Support und Updates übernehmen, damit das System stabil bleibt.",new,
R423,About,cta.h2,Looking for a long-term technology partner?,Kërkon një partner teknologjik afatgjatë?,new,Suchen Sie einen langfristigen Technologiepartner?,new,
R424,About,cta.text,We can start with one conversation about the thing that matters most right now.,Mund të fillojmë me një bisedë për gjënë që ka më shumë rëndësi tani.,new,"Wir können mit einem Gespräch über das beginnen, was gerade am wichtigsten ist.",new,
R425,Contact,hero.h1,Tell us what you need. We'll reply with the next step.,Na trego çfarë të duhet. Ne të kthehemi me hapin e radhës.,new,,reused,
R426,Contact,hero.lead,"Need IT support, security, a website, software or AI in Prishtina and Kosovo? Book a short call or send a written request.","Kërkon mbështetje IT, siguri, faqe web, softuer ose AI në Prishtinë dhe Kosovë? Cakto një bisedë të shkurtër ose dërgo një kërkesë me shkrim.",new,"Sie benötigen IT-Support, Sicherheit, eine Website, Software oder KI in Prishtina und im Kosovo? Buchen Sie ein kurzes Gespräch oder senden Sie eine schriftliche Anfrage.",new,
R427,Contact,book.h2,A 30-minute introductory call.,Një bisedë njohëse 30-minutëshe.,new,,reused,
R428,Contact,book.text,Pick a day and time in the calendar. You'll get an email confirmation.,Zgjidh ditën dhe orën në kalendar. Konfirmimin e merr me email.,new,Wählen Sie Tag und Uhrzeit im Kalender. Sie erhalten eine Bestätigung per E-Mail.,new,
R429,Contact,book.meta.2.0,Languages,Gjuhët,new,Sprachen,new,
R430,Contact,book.meta.2.1,"Albanian, English, German","Shqip, anglisht, gjermanisht",new,"Albanisch, Englisch, Deutsch",new,
R431,Contact,book.note,Opens on Calendly.,Hapet në Calendly.,new,Öffnet sich auf Calendly.,new,
R432,Contact,form.text,"Describe the project, the problem or the audit you need and we'll reply with the next steps.","Përshkruaj projektin, problemin ose auditimin që të duhet dhe ne të kthehemi me hapat e radhës.",new,"Beschreiben Sie das Projekt, das Problem oder den Audit, den Sie brauchen, und wir melden uns mit den nächsten Schritten.",new,
R433,Contact,form.options.0,Outsourced IT department,Departament i jashtëm IT,new,,reused,
R434,Contact,form.options.5,IT audit,Auditim IT,new,,reused,
R435,Contact,form.options.6,Cybersecurity implementation,Implementim i sigurisë kibernetike,new,Umsetzung von Cybersicherheit,new,
R436,Contact,form.options.7,ITD Labs product demo,Demonstrim i produkteve ITD Labs,new,Demo eines ITD-Labs-Produkts,new,
R437,Contact,form.subject,Contact form inquiry,,reused,Kontaktanfrage von der Website,new,
R438,Contact,form.source,Contact page,Faqja e kontaktit,new,Kontaktseite,new,
R439,Contact,demo.notice,Demo request: {product},Kërkesë për demonstrim: {product},new,Demo-Anfrage: {product},new,
R440,Contact,demo.subject,Demo request: {product},Kërkesë për demonstrim: {product},new,Demo-Anfrage: {product},new,
R441,Contact,demo.message,I'd like to see a demo of {product}.,Më intereson një demonstrim për {product}. ,new,Ich interessiere mich für eine Demo von {product}. ,new,
R442,Contact,demo.option,ITD Labs product demo,Demonstrim i produkteve ITD Labs,new,Demo eines ITD-Labs-Produkts,new,
R443,Contact,details.phoneLabel,Phone / WhatsApp,Telefon / WhatsApp,new,Telefon / WhatsApp,new,
R444,Contact,details.mapLink,Open in Google Maps,Hape në Google Maps,new,In Google Maps öffnen,new,
R445,Contact,package.notice,Selected package: {plan} · €{price}/month,Paketa e zgjedhur: {plan} · €{price}/muaj,new,Gewähltes Paket: {plan} · {price} €/Monat,new,
R446,Contact,package.message,I am interested in the {plan} package (€{price}/month).,Më intereson paketa {plan} (€{price}/muaj). ,new,Ich interessiere mich für das Paket {plan} ({price} €/Monat). ,new,
R447,Contact,package.subject,Package inquiry: {plan},Kërkesë për paketën: {plan},new,Paket-Anfrage: {plan},new,
R448,Contact,package.option,Outsourced IT department,Departament i jashtëm IT,new,,reused,
R449,Contact,package.hidden,{plan} - {price} EUR / month,{plan} - {price} EUR / muaj,new,{plan} - {price} EUR / Monat,new,
R450,Privacy,contactText,Email us at {email} or message us on WhatsApp at {phone}.,Na shkruani në {email} ose në WhatsApp te {phone}.,new,Schreiben Sie uns an {email} oder auf WhatsApp unter {phone}.,new,
R451,Terms,contactText,Email us at {email} or message us on WhatsApp at {phone}.,Na shkruani në {email} ose në WhatsApp te {phone}.,new,Schreiben Sie uns an {email} oder auf WhatsApp unter {phone}.,new,
R452,Web & software,germany.eyebrow,(German only),,,Für Unternehmen in Deutschland,new,
R453,Web & software,germany.h2,(German only),,,Zusammenarbeit aus Prishtina.,new,
R454,Web & software,germany.text,(German only),,,"Unser Team arbeitet in Prishtina, Kosovo, und spricht mit Ihnen Deutsch, Englisch oder Albanisch. Das erste Gespräch dauert 30 Minuten und findet online statt. Danach legen wir gemeinsam fest, was zuerst kommt, was warten kann und was es kostet. Umgesetzt wird in kontrollierten Schritten, mit Tests, Dokumentation und klarer Übergabe; danach übernehmen wir auf Wunsch Updates, Monitoring und Support.",new,
